City_ID,City,Country,Date,Lat,Lng,Max Temp,Humidity,Cloudiness,Wind Speed
0,Pouembout,NC,2021-10-07 12:14:15,-21.1333,164.9,67.41,73,2,7.18
1,Qaanaaq,GL,2021-10-07 12:14:15,77.484,-69.3632,18.37,57,42,7.96
2,Mogadishu,SO,2021-10-07 12:14:16,2.0371,45.3438,80.42,69,9,18.77
3,Necochea,AR,2021-10-07 12:14:16,-38.5473,-58.7368,48.04,72,3,7.74
4,Jamestown,US,2021-10-07 12:12:33,42.097,-79.2353,63.72,100,90,5.75
5,Atuona,PF,2021-10-07 12:14:16,-9.8,-139.0333,77.38,77,8,14.92
6,Rikitea,PF,2021-10-07 12:14:17,-23.1203,-134.9692,72.99,79,75,12.86
7,Gold Coast,AU,2021-10-07 12:14:17,-28.0,153.4333,68.0,88,90,4.0
8,Tuktoyaktuk,CA,2021-10-07 12:14:17,69.4541,-133.0374,29.86,78,24,13.09
9,Hilo,US,2021-10-07 12:09:25,19.7297,-155.09,73.13,81,90,6.91
10,Hermanus,ZA,2021-10-07 12:14:18,-34.4187,19.2345,79.9,55,38,1.63
11,Cape Town,ZA,2021-10-07 12:12:48,-33.9258,18.4232,80.11,7,4,17.09
12,Punta Arenas,CL,2021-10-07 12:14:08,-53.15,-70.9167,39.31,81,90,3.44
13,Mataura,NZ,2021-10-07 12:14:18,-46.1927,168.8643,50.49,81,52,2.8
14,Pisco,PE,2021-10-07 12:14:19,-13.7,-76.2167,62.65,88,90,4.61
15,Albany,US,2021-10-07 12:14:19,42.6001,-73.9662,55.38,96,0,1.5
16,Capinopolis,BR,2021-10-07 12:14:19,-18.6819,-49.5697,90.43,31,82,5.1
17,Kapaa,US,2021-10-07 12:14:20,22.0752,-159.319,75.52,80,20,1.99
18,Puerto Ayora,EC,2021-10-07 12:14:20,-0.7393,-90.3518,67.55,96,100,5.99
19,Thunder Bay,CA,2021-10-07 12:14:21,48.4001,-89.3168,54.28,94,0,0.16
20,Castro,BR,2021-10-07 12:14:21,-24.7911,-50.0119,68.65,87,96,5.44
21,Never,FR,2021-10-07 12:14:21,46.9896,3.159,60.44,77,75,4.61
22,Kodiak,US,2021-10-07 12:14:22,57.79,-152.4072,43.9,80,9,14.14
23,Oriximina,BR,2021-10-07 12:13:07,-1.7656,-55.8661,87.53,54,76,3.04
24,Oktyabrskoye,RU,2021-10-07 12:14:22,43.0645,44.7417,46.54,87,90,8.95
25,Vaini,TO,2021-10-07 12:14:23,-21.2,-175.2,73.56,100,90,4.61
26,Ponta Delgada,PT,2021-10-07 12:14:23,37.7333,-25.6667,76.5,88,75,11.5
27,College,US,2021-10-07 12:14:24,64.8569,-147.8028,35.58,94,90,4.61
28,Port Alfred,ZA,2021-10-07 12:14:24,-33.5906,26.891,74.28,67,51,30.62
29,San Cristobal,VE,2021-10-07 12:14:24,7.7669,-72.225,71.78,70,95,3.42
30,Nouadhibou,MR,2021-10-07 12:14:25,20.931,-17.0347,79.75,50,77,11.97
31,Thompson,CA,2021-10-07 12:14:25,55.7435,-97.8558,49.82,90,100,6.71
32,Kaitangata,NZ,2021-10-07 12:14:25,-46.2817,169.8464,49.66,84,45,5.79
33,Saint-Philippe,RE,2021-10-07 12:14:26,-21.3585,55.7679,80.15,82,60,11.5
34,Zarubino,RU,2021-10-07 12:14:26,42.63,131.0922,51.1,86,100,6.67
35,Aguilas,ES,2021-10-07 12:14:26,37.4063,-1.5829,87.21,64,4,4.94
36,Butaritari,KI,2021-10-07 12:14:27,3.0707,172.7902,82.15,69,66,14.34
37,Bluff,NZ,2021-10-07 12:14:27,-46.6,168.3333,50.81,84,49,7.49
38,Grand Gaube,MU,2021-10-07 12:14:27,-20.0064,57.6608,79.38,67,1,11.01
39,Sur,OM,2021-10-07 12:14:28,22.5667,59.5289,86.41,47,1,6.24
40,Berlevag,NO,2021-10-07 12:14:28,70.8578,29.0864,40.95,65,75,13.8
41,Constitucion,CL,2021-10-07 12:10:16,-35.3333,-72.4167,55.35,64,0,7.05
42,Georgetown,MY,2021-10-07 12:14:28,5.4112,100.3354,84.13,81,20,3.44
43,Husavik,IS,2021-10-07 12:14:29,66.0449,-17.3389,43.0,82,100,22.86
44,Nikolskoye,RU,2021-10-07 12:14:29,59.7035,30.7861,58.89,47,6,11.43
45,Cockburn Town,TC,2021-10-07 12:14:29,21.4612,-71.1419,82.67,75,5,19.82
46,Beringovskiy,RU,2021-10-07 12:12:19,63.05,179.3167,32.54,95,100,3.13
47,Busselton,AU,2021-10-07 12:14:30,-33.65,115.3333,58.08,90,88,13.8
48,Severo-Kurilsk,RU,2021-10-07 12:14:30,50.6789,156.125,43.11,81,25,13.67
49,Sioux Lookout,CA,2021-10-07 12:14:31,50.1001,-91.917,53.76,96,5,5.91
50,Safaga,EG,2021-10-07 12:14:31,26.7292,33.9365,85.84,50,0,12.55
51,Nyurba,RU,2021-10-07 12:14:31,63.2842,118.3319,31.6,95,98,8.39
52,Lompoc,US,2021-10-07 12:14:31,34.6391,-120.4579,61.57,86,40,0.0
53,High Level,CA,2021-10-07 12:14:32,58.5169,-117.136,31.08,92,95,4.61
54,Whitehorse,CA,2021-10-07 12:12:40,60.7161,-135.0538,35.31,69,100,11.99
55,Smithville,US,2021-10-07 12:14:32,39.3869,-94.5811,65.44,86,90,0.0
56,Port-Gentil,GA,2021-10-07 12:14:32,-0.7193,8.7815,76.95,82,97,6.82
57,Mugumu,TZ,2021-10-07 12:14:33,-1.85,34.7,85.24,24,55,5.06
58,Ushuaia,AR,2021-10-07 12:14:33,-54.8,-68.3,40.62,73,74,3.89
59,Katsuura,JP,2021-10-07 12:14:34,35.1333,140.3,74.19,81,95,14.7
60,Mahanoro,MG,2021-10-07 12:14:34,-19.9,48.8,71.38,84,80,12.59
61,Iranshahr,IR,2021-10-07 12:14:34,27.2025,60.6848,99.25,12,0,6.17
62,Upernavik,GL,2021-10-07 12:10:10,72.7868,-56.1549,26.44,49,32,5.3
63,Dourbali,TD,2021-10-07 12:10:17,11.8091,15.8632,97.11,18,2,2.37
64,Luyang,CN,2021-10-07 12:14:35,27.6239,110.0989,65.48,77,52,6.51
65,Erenhot,CN,2021-10-07 12:14:35,43.6475,111.9767,53.13,40,64,10.18
66,Soe,ID,2021-10-07 12:14:35,-9.8607,124.284,66.07,85,12,2.53
67,Port Elizabeth,ZA,2021-10-07 12:14:36,-33.918,25.5701,84.09,66,61,22.37
68,Souillac,MU,2021-10-07 12:14:36,-20.5167,57.5167,79.36,71,10,8.86
69,Torbay,CA,2021-10-07 12:14:37,47.6666,-52.7314,53.58,77,47,5.99
70,Yellowknife,CA,2021-10-07 12:14:37,62.456,-114.3525,36.41,100,75,2.3
71,Saskylakh,RU,2021-10-07 12:12:14,71.9167,114.0833,16.54,96,100,6.71
72,Kavieng,PG,2021-10-07 12:14:37,-2.5744,150.7967,81.59,76,85,6.55
73,Shelburne,CA,2021-10-07 12:14:38,44.0787,-80.2041,57.76,100,5,3.31
74,Jimeta,NG,2021-10-07 12:12:02,9.2833,12.4667,94.62,43,14,4.52
75,Barrow,US,2021-10-07 12:14:38,71.2906,-156.7887,33.82,86,90,9.22
76,Acarau,BR,2021-10-07 12:14:38,-2.8856,-40.12,85.41,61,94,15.01
77,Longyearbyen,SJ,2021-10-07 12:14:39,78.2186,15.6401,31.84,64,75,11.5
78,Kalengwa,ZM,2021-10-07 12:14:39,-13.4659,25.0027,94.42,11,81,10.02
79,Leningradskiy,RU,2021-10-07 12:14:39,69.3833,178.4167,23.63,96,100,4.54
80,Nanortalik,GL,2021-10-07 12:14:40,60.1432,-45.2371,39.04,58,69,2.91
81,Nezhinka,RU,2021-10-07 12:14:40,51.7676,55.3694,51.96,40,0,4.47
82,Arraial Do Cabo,BR,2021-10-07 12:14:41,-22.9661,-42.0278,76.86,78,40,4.61
83,Cidreira,BR,2021-10-07 12:14:41,-30.1811,-50.2056,61.47,56,78,8.28
84,Hobyo,SO,2021-10-07 12:14:41,5.3505,48.5268,81.16,71,92,27.72
85,Mehamn,NO,2021-10-07 12:14:42,71.0357,27.8492,40.91,65,100,18.3
86,Sibu,MY,2021-10-07 12:14:42,2.3,111.8167,77.54,92,51,2.93
87,Hithadhoo,MV,2021-10-07 12:14:43,-0.6,73.0833,83.84,74,78,9.89
88,Carmen,MX,2021-10-07 12:14:43,18.6333,-91.8333,78.84,94,75,4.61
89,Beira,MZ,2021-10-07 12:14:43,-19.8436,34.8389,79.83,61,66,12.95
90,Ixtapa,MX,2021-10-07 12:14:44,20.7,-105.2,74.23,94,90,9.22
91,Dickson,US,2021-10-07 12:14:44,36.077,-87.3878,66.4,96,90,0.0
92,Yertarskiy,RU,2021-10-07 12:14:44,56.7902,64.2995,51.93,48,40,6.38
93,Bredasdorp,ZA,2021-10-07 12:14:45,-34.5322,20.0403,76.28,39,97,8.93
94,Urusha,RU,2021-10-07 12:14:45,54.05,122.9,28.76,88,43,1.95
95,Belmonte,BR,2021-10-07 12:14:45,-15.8631,-38.8828,81.1,63,10,1.86
96,Lagoa,PT,2021-10-07 12:14:46,39.05,-27.9833,69.39,75,87,12.57
97,Mamanguape,BR,2021-10-07 12:14:46,-6.8386,-35.1261,84.52,57,69,11.63
98,Bubaque,GW,2021-10-07 12:14:46,11.2833,-15.8333,83.07,72,100,3.38
99,Fortuna,US,2021-10-07 12:14:47,40.5982,-124.1573,51.93,74,90,0.0
100,Turukhansk,RU,2021-10-07 12:14:47,65.8167,87.9833,37.89,98,100,5.75
101,Nuuk,GL,2021-10-07 12:14:49,64.1835,-51.7216,36.21,48,20,11.5
102,Sorland,NO,2021-10-07 12:14:50,67.667,12.6934,42.87,65,100,25.48
103,Talnakh,RU,2021-10-07 12:14:50,69.4865,88.3972,34.32,100,100,6.15
104,Mar Del Plata,AR,2021-10-07 12:13:40,-38.0023,-57.5575,49.12,63,20,1.99
105,Anloga,GH,2021-10-07 12:14:51,5.7947,0.8973,82.62,73,99,8.9
106,Comodoro Rivadavia,AR,2021-10-07 12:14:51,-45.8667,-67.5,51.66,43,0,10.36
107,Paamiut,GL,2021-10-07 12:14:53,61.994,-49.6678,35.83,52,4,5.59
108,Geraldton,AU,2021-10-07 12:14:53,-28.7667,114.6,59.41,72,0,9.22
109,Mangaluru,IN,2021-10-07 12:14:53,12.8667,74.8833,85.06,74,40,9.22
110,Riyadh,SA,2021-10-07 12:14:54,24.6877,46.7219,100.54,15,0,10.4
111,Chilca,PE,2021-10-07 12:14:54,-12.5211,-76.7372,60.96,90,100,5.21
112,Celestun,MX,2021-10-07 12:14:55,20.8667,-90.4,76.03,91,100,9.01
113,Dryden,CA,2021-10-07 12:14:55,49.7833,-92.7503,54.52,93,5,6.08
114,Sidhi,IN,2021-10-07 12:14:55,24.4167,81.8833,84.9,61,63,3.29
115,Arrecife,ES,2021-10-07 12:14:55,28.963,-13.5477,75.27,78,20,18.41
116,Chokurdakh,RU,2021-10-07 12:14:56,70.6333,147.9167,11.73,89,89,7.0
117,Port Blair,IN,2021-10-07 12:14:56,11.6667,92.75,79.77,83,100,14.9
118,Chuy,UY,2021-10-07 12:14:57,-33.6971,-53.4616,54.19,59,7,8.03
119,Kannur,IN,2021-10-07 12:14:57,11.8675,75.3576,81.73,81,91,8.25
120,Vao,NC,2021-10-07 12:14:58,-22.6667,167.4833,69.1,64,0,16.84
121,Qandala,SO,2021-10-07 12:14:58,11.472,49.8728,88.57,68,18,6.6
122,Russell,US,2021-10-07 12:14:59,32.3502,-85.1999,72.0,91,75,0.0
123,Srednekolymsk,RU,2021-10-07 12:14:59,67.45,153.6833,12.94,89,36,4.41
124,San Juan,AR,2021-10-07 12:11:58,-31.5375,-68.5364,53.76,34,2,2.75
125,Orumiyeh,IR,2021-10-07 12:15:00,37.5527,45.0761,58.15,44,80,7.58
126,Burgeo,CA,2021-10-07 12:15:00,47.6167,-57.6152,52.11,59,96,11.16
127,Macusani,PE,2021-10-07 12:15:00,-14.0833,-70.4333,40.21,77,45,1.9
128,Dibulla,CO,2021-10-07 12:15:01,11.2725,-73.3091,79.56,87,92,9.31
129,Senneterre,CA,2021-10-07 12:15:01,48.3835,-77.2328,47.53,94,28,3.89
130,Ahipara,NZ,2021-10-07 12:15:04,-35.1667,173.1667,56.79,94,52,8.68
131,Cayenne,GF,2021-10-07 12:15:04,4.9333,-52.3333,86.09,78,0,1.01
132,Lebu,CL,2021-10-07 12:15:05,-37.6167,-73.65,50.63,62,0,9.06
133,Arcata,US,2021-10-07 12:10:32,40.8665,-124.0828,52.2,94,75,3.44
134,Saravan,AM,2021-10-07 12:15:06,39.7196,45.6483,54.25,47,54,7.63
135,Kununurra,AU,2021-10-07 12:15:06,-15.7667,128.7333,85.98,39,91,6.91
136,Iqaluit,CA,2021-10-07 12:11:28,63.7506,-68.5145,34.7,74,82,8.01
137,Kahului,US,2021-10-07 12:11:03,20.8947,-156.47,77.85,69,1,8.05
138,Anadyr,RU,2021-10-07 12:15:07,64.75,177.4833,29.89,97,100,4.29
139,Tiksi,RU,2021-10-07 12:15:07,71.6872,128.8694,29.37,84,100,14.43
140,Hofn,IS,2021-10-07 12:15:08,64.2539,-15.2082,46.42,76,90,23.02
141,East London,ZA,2021-10-07 12:15:08,-33.0153,27.9116,74.34,68,0,23.02
142,Jining,CN,2021-10-07 12:15:08,35.405,116.5814,55.99,93,100,5.19
143,Mahebourg,MU,2021-10-07 12:15:09,-20.4081,57.7,79.25,72,33,10.22
144,Avarua,CK,2021-10-07 12:15:09,-21.2078,-159.775,69.85,78,23,2.3
145,Hamilton,US,2021-10-07 12:15:10,39.1834,-84.5333,67.75,94,75,0.0
146,Chumphon,TH,2021-10-07 12:15:10,10.3333,98.8333,72.19,96,99,7.25
147,Terrace Bay,CA,2021-10-07 12:15:10,48.7834,-87.1,55.54,96,16,3.24
148,Waddan,LY,2021-10-07 12:15:11,29.1614,16.139,89.73,13,0,4.38
149,Charcas,MX,2021-10-07 12:15:11,23.1333,-101.1167,53.58,69,93,2.84
150,Coquimbo,CL,2021-10-07 12:15:11,-29.9533,-71.3436,53.33,93,90,0.0
151,Mayor Pablo Lagerenza,PY,2021-10-07 12:15:12,-19.9309,-60.7718,73.11,58,100,11.01
152,Victoria,HK,2021-10-07 12:11:28,22.2855,114.1577,82.38,90,98,1.99
153,Chuncheng,CN,2021-10-07 12:15:12,22.1731,111.7886,80.94,75,90,8.84
154,Ivanteyevka,RU,2021-10-07 12:15:13,55.9711,37.9208,54.14,41,24,4.72
155,Bhusawal,IN,2021-10-07 12:15:13,21.05,75.7667,86.63,70,22,4.14
156,Omboue,GA,2021-10-07 12:15:14,-1.5746,9.2618,79.23,75,99,8.48
157,Tasiilaq,GL,2021-10-07 12:15:14,65.6145,-37.6368,32.16,55,3,7.47
158,Bandar-E Lengeh,IR,2021-10-07 12:15:14,26.5579,54.8807,91.35,49,0,7.78
159,Brejo Santo,BR,2021-10-07 12:15:14,-7.4933,-38.9872,86.38,41,45,3.74
160,Codrington,AU,2021-10-07 12:15:15,-38.2667,141.9667,45.1,88,49,8.46
161,Kabare,CD,2021-10-07 12:15:15,-2.4683,28.8242,68.29,79,40,4.56
162,Faanui,PF,2021-10-07 12:15:16,-16.4833,-151.75,77.79,77,21,10.0
163,Buckeye,US,2021-10-07 12:15:00,33.3703,-112.5838,77.68,49,100,0.0
164,Fernley,US,2021-10-07 12:11:08,39.608,-119.2518,56.21,43,98,1.01
165,Awbari,LY,2021-10-07 12:15:16,26.5921,12.7805,90.03,14,0,6.4
166,Nastola,FI,2021-10-07 12:15:17,60.95,25.9333,51.73,84,100,11.27
167,Fort Nelson,CA,2021-10-07 12:15:17,58.8053,-122.7002,24.39,93,90,4.61
168,Atar,MR,2021-10-07 12:15:17,20.5169,-13.0499,104.9,13,77,10.89
169,Reni,UA,2021-10-07 12:15:18,45.4573,28.2932,54.21,48,97,17.56
170,Hobart,AU,2021-10-07 12:15:18,-42.8794,147.3294,49.86,63,20,3.0
171,Hudson Bay,CA,2021-10-07 12:15:19,52.85,-102.3842,59.99,45,100,6.35
172,Birao,CF,2021-10-07 12:15:19,10.2849,22.7882,94.21,34,81,0.34
173,Crestview,US,2021-10-07 12:15:19,30.7621,-86.5705,74.79,81,90,1.99
174,Cherskiy,RU,2021-10-07 12:15:20,68.75,161.3,1.13,99,64,4.83
175,Norman Wells,CA,2021-10-07 12:15:20,65.282,-126.8329,22.98,97,20,4.76
176,Port Augusta,AU,2021-10-07 12:15:21,-32.5,137.7667,55.54,66,6,9.84
177,Kluczbork,PL,2021-10-07 12:15:21,50.9728,18.2182,57.79,60,97,9.08
178,Atlantic City,US,2021-10-07 12:15:21,39.3643,-74.4229,64.98,92,90,3.44
179,Isangel,VU,2021-10-07 12:15:22,-19.55,169.2667,71.37,73,9,14.76
180,Sola,VU,2021-10-07 12:15:22,-13.8833,167.55,80.49,79,58,17.96
181,Pauini,BR,2021-10-07 12:15:23,-7.7136,-66.9764,79.0,77,99,1.74
182,Waingapu,ID,2021-10-07 12:15:23,-9.6567,120.2641,79.72,74,64,5.53
183,Grafton,US,2021-10-07 12:11:38,42.207,-71.6856,57.42,84,3,2.1
184,Sinnamary,GF,2021-10-07 12:15:23,5.3833,-52.95,84.33,68,83,8.75
185,Mission,US,2021-10-07 12:15:24,26.2159,-98.3253,70.86,89,1,0.0
186,Vestmannaeyjar,IS,2021-10-07 12:15:24,63.4427,-20.2734,47.39,76,90,48.34
187,Najran,SA,2021-10-07 12:15:25,17.4924,44.1277,90.03,20,16,14.25
188,Ribeira Grande,PT,2021-10-07 12:15:25,38.5167,-28.7,73.8,68,20,8.05
189,Portalegre,PT,2021-10-07 12:15:26,39.2938,-7.4312,78.93,34,1,2.01
190,Taksimo,RU,2021-10-07 12:15:26,56.3444,114.8794,29.86,66,92,4.63
191,Agde,FR,2021-10-07 12:15:26,43.3108,3.4758,71.94,38,0,5.99
192,Tura,IN,2021-10-07 12:15:27,25.5198,90.2201,74.95,93,14,1.28
193,Bambous Virieux,MU,2021-10-07 12:15:27,-20.3428,57.7575,79.21,65,40,17.27
194,Chapais,CA,2021-10-07 12:15:27,49.7834,-74.8492,42.58,93,13,4.41
195,Maniitsoq,GL,2021-10-07 12:15:28,65.4167,-52.9,34.57,66,46,3.94
196,Georgiyevka,KZ,2021-10-07 12:15:28,43.0369,74.7114,42.21,77,96,4.94
197,Iracoubo,GF,2021-10-07 12:15:29,5.4802,-53.2011,83.68,70,81,7.94
198,Airai,TL,2021-10-07 12:15:29,-8.9266,125.4092,61.93,87,49,1.39
199,Tarakan,ID,2021-10-07 12:15:30,3.3,117.6333,83.7,84,20,2.3
200,Richards Bay,ZA,2021-10-07 12:15:30,-28.783,32.0377,71.8,68,88,13.73
201,Sidi Ali,DZ,2021-10-07 12:15:31,36.0998,0.4206,74.91,49,10,9.69
202,Ous,RU,2021-10-07 12:15:31,60.9058,61.5186,50.68,58,45,9.4
203,Bengkulu,ID,2021-10-07 12:15:31,-3.8004,102.2655,77.2,87,97,5.28
204,Beitbridge,ZW,2021-10-07 12:15:32,-22.2167,30.0,79.86,50,98,17.22
205,Abha,SA,2021-10-07 12:15:32,18.2164,42.5053,80.42,14,40,11.5
206,Cabedelo,BR,2021-10-07 12:15:33,-6.9811,-34.8339,84.87,70,70,14.18
207,Nanakuli,US,2021-10-07 12:12:56,21.3906,-158.1547,78.75,62,1,8.05
208,Amapa,BR,2021-10-07 12:13:17,1.0,-52.0,84.34,58,50,3.53
209,Xuddur,SO,2021-10-07 12:15:33,4.1213,43.8894,86.79,39,78,18.75
210,Freeport,US,2021-10-07 12:14:49,40.6576,-73.5832,65.25,83,20,0.0
211,Uvalde,US,2021-10-07 12:15:34,29.3669,-99.767,69.19,59,1,8.05
212,Boguchany,RU,2021-10-07 12:15:34,58.3814,97.4531,34.23,98,100,8.61
213,Dudinka,RU,2021-10-07 12:15:34,69.4058,86.1778,37.13,99,100,9.95
214,Narsaq,GL,2021-10-07 12:15:35,60.9167,-46.05,46.62,46,12,8.5
215,Yulara,AU,2021-10-07 12:15:35,-25.2406,130.9889,76.84,33,0,9.22
216,Avera,US,2021-10-07 12:15:36,33.194,-82.5271,73.27,98,73,5.68
217,Safakulevo,RU,2021-10-07 12:15:36,54.9901,62.5442,52.09,45,1,10.0
218,Cabo San Lucas,MX,2021-10-07 12:15:36,22.8909,-109.9124,82.51,70,1,11.5
219,Porto Belo,BR,2021-10-07 12:15:37,-27.1578,-48.5531,66.16,80,100,18.03
220,Loukhi,RU,2021-10-07 12:15:37,66.0764,33.0381,49.78,87,100,16.11
221,Luebo,CD,2021-10-07 12:15:37,-5.35,21.4167,97.41,31,95,3.87
222,Orangeburg,US,2021-10-07 12:15:38,33.4918,-80.8557,71.82,95,90,5.75
223,Nizhneangarsk,RU,2021-10-07 12:15:38,55.7833,109.55,34.74,66,92,8.01
224,Hasaki,JP,2021-10-07 12:15:38,35.7333,140.8333,70.29,78,96,16.58
225,Shingu,JP,2021-10-07 12:15:39,33.7333,135.9833,70.23,89,17,2.06
226,Belaya Gora,RU,2021-10-07 12:15:39,68.5333,146.4167,18.81,78,83,6.58
227,Sitka,US,2021-10-07 12:15:40,57.0531,-135.33,46.29,71,90,16.11
228,Orbetello,IT,2021-10-07 12:15:40,42.4408,11.2196,69.37,63,87,25.21
229,Carnarvon,AU,2021-10-07 12:15:40,-24.8667,113.6333,68.07,73,0,20.71
230,Fort-Shevchenko,KZ,2021-10-07 12:15:41,44.5086,50.263,54.34,38,60,19.08
231,Port Hardy,CA,2021-10-07 12:15:41,50.6996,-127.4199,42.8,100,40,2.3
232,Tiznit,MA,2021-10-07 12:15:41,29.5833,-9.5,90.73,15,69,8.77
233,Zonguldak,TR,2021-10-07 12:15:42,41.25,31.8333,59.85,57,18,6.82
234,Xilagani,GR,2021-10-07 12:15:42,40.9833,25.4167,70.99,48,45,16.58
235,Pangnirtung,CA,2021-10-07 12:15:42,66.1451,-65.7125,33.8,86,75,3.44
236,Mayo,US,2021-10-07 12:15:43,38.8876,-76.5119,67.55,90,40,1.01
237,Poum,NC,2021-10-07 12:15:43,-20.2333,164.0167,73.94,71,30,8.16
238,Hami,CN,2021-10-07 12:15:44,42.8,93.45,60.33,26,99,14.65
239,Fairhope,US,2021-10-07 12:15:44,30.523,-87.9033,75.24,79,40,0.0
240,Ulaanbaatar,MN,2021-10-07 12:11:43,47.9077,106.8832,44.73,81,75,4.47
241,Nome,US,2021-10-07 12:15:45,64.5011,-165.4064,33.87,86,20,10.36
242,Trat,TH,2021-10-07 12:15:45,12.5,102.5,81.99,91,100,2.77
243,Broome,US,2021-10-07 12:15:45,42.2506,-75.833,62.17,82,90,0.0
244,San Jose,US,2021-10-07 12:12:30,37.3394,-121.895,57.7,72,1,3.44
245,Raudeberg,NO,2021-10-07 12:15:46,61.9875,5.1352,53.38,83,100,3.0
246,Bethel,US,2021-10-07 12:15:46,41.3712,-73.414,60.93,94,90,0.0
247,Tapes,BR,2021-10-07 12:15:47,-30.6733,-51.3958,58.82,62,45,7.96
248,Vardo,NO,2021-10-07 12:15:47,70.3705,31.1107,40.98,70,75,16.11
249,Mount Gambier,AU,2021-10-07 12:15:47,-37.8333,140.7667,44.47,92,58,4.76
250,Ponta Do Sol,PT,2021-10-07 12:15:48,32.6667,-17.1,77.63,74,59,0.4
251,Tuban,ID,2021-10-07 12:15:48,-6.8976,112.0649,82.6,67,77,5.32
252,Tubmanburg,LR,2021-10-07 12:15:49,6.8708,-10.8172,90.05,55,75,4.25
253,Havelock,US,2021-10-07 12:15:49,34.8791,-76.9013,75.18,94,100,4.0
254,Shache,CN,2021-10-07 12:15:49,38.4167,77.2406,73.4,18,0,5.06
255,Grand-Santi,GF,2021-10-07 12:15:50,4.25,-54.3833,80.71,77,93,3.15
256,Komarikhinskiy,RU,2021-10-07 12:15:50,58.0979,57.1163,49.19,57,54,5.84
257,Kysyl-Syr,RU,2021-10-07 12:15:51,63.8986,122.7617,29.95,97,100,7.27
258,Moerai,PF,2021-10-07 12:15:51,-22.4333,-151.3333,74.71,80,64,9.91
259,Zhaoyuan,CN,2021-10-07 12:15:52,37.3592,120.3964,57.97,72,91,5.14
260,Saint-Pierre,RE,2021-10-07 12:15:52,-21.3393,55.4781,78.44,73,90,6.91
261,Orapa,BW,2021-10-07 12:15:52,-21.2833,25.3667,93.65,19,88,9.86
262,Tarbert,GB,2021-10-07 12:15:52,55.8628,-5.4162,64.31,97,98,8.55
263,Sao Filipe,CV,2021-10-07 12:15:53,14.8961,-24.4956,80.2,74,41,8.41
264,Peniche,PT,2021-10-07 12:15:53,39.3558,-9.3811,86.61,58,12,9.33
265,Iquique,CL,2021-10-07 12:13:58,-20.2208,-70.1431,60.84,68,98,5.44
266,Asau,RO,2021-10-07 12:15:53,46.4333,26.4,54.52,68,100,5.48
267,Kapit,MY,2021-10-07 12:15:54,2.0167,112.9333,78.75,87,88,1.43
268,Merrill,US,2021-10-07 12:15:54,45.1805,-89.6835,56.97,98,90,3.44
269,Olafsvik,IS,2021-10-07 12:15:55,64.8945,-23.7142,43.56,74,100,24.79
270,Cruzeiro Do Sul,BR,2021-10-07 12:15:55,-29.5128,-51.9853,57.52,76,95,5.61
271,Harper,LR,2021-10-07 12:15:55,4.375,-7.7169,79.66,81,72,7.43
272,Manbij,SY,2021-10-07 12:15:56,36.5281,37.9549,79.57,15,0,1.95
273,Ronkonkoma,US,2021-10-07 12:15:56,40.8154,-73.1123,63.84,95,40,0.0
274,Omaruru,NA,2021-10-07 12:15:57,-21.4333,15.9333,90.88,10,48,11.34
275,New Norfolk,AU,2021-10-07 12:15:57,-42.7826,147.0587,47.91,57,48,1.01
276,Lavrentiya,RU,2021-10-07 12:15:58,65.5833,-171.0,35.98,94,100,1.95
277,Yar-Sale,RU,2021-10-07 12:15:58,66.8333,70.8333,43.54,94,100,16.35
278,Nicolet,CA,2021-10-07 12:15:58,46.2168,-72.6158,54.54,98,90,1.14
279,Flinders,AU,2021-10-07 12:15:59,-34.5833,150.8552,63.21,70,62,6.15
280,Dikson,RU,2021-10-07 12:15:59,73.5069,80.5464,35.42,85,99,24.16
281,Pahrump,US,2021-10-07 12:15:59,36.2083,-115.9839,67.17,49,96,5.59
282,Saint-Joseph,RE,2021-10-07 12:16:00,-21.3667,55.6167,77.36,81,58,10.04
283,Ostrovnoy,RU,2021-10-07 12:16:00,68.0531,39.5131,48.72,91,100,22.75
284,Rieti,IT,2021-10-07 12:16:00,42.4072,12.8592,68.52,93,77,21.85
285,Buta,CD,2021-10-07 12:16:01,2.7858,24.73,95.5,37,31,1.3
286,Tecoanapa,MX,2021-10-07 12:16:01,16.5167,-98.75,76.93,83,45,3.47
287,Barahona,DO,2021-10-07 12:16:02,18.2085,-71.1008,76.82,94,40,0.0
288,Camacha,PT,2021-10-07 12:16:02,33.0833,-16.3333,74.16,60,40,8.05
289,Maningrida,AU,2021-10-07 12:16:03,-12.0667,134.2667,80.24,73,99,9.66
290,Salinas,US,2021-10-07 12:14:55,36.6777,-121.6555,56.07,79,1,4.61
291,Praia Da Vitoria,PT,2021-10-07 12:16:03,38.7333,-27.0667,72.75,78,20,14.74
292,Apucarana,BR,2021-10-07 12:16:04,-23.5508,-51.4608,66.33,79,97,3.56
293,Port Macquarie,AU,2021-10-07 12:11:16,-31.4333,152.9167,69.76,52,100,9.73
294,Svetlyy,RU,2021-10-07 12:16:04,54.675,20.1347,59.05,48,73,9.13
295,Provideniya,RU,2021-10-07 12:16:05,64.3833,-173.3,37.18,96,100,3.33
296,Rawson,AR,2021-10-07 12:16:05,-43.3002,-65.1023,55.26,28,57,7.58
297,La Ronge,CA,2021-10-07 12:16:06,55.1001,-105.2842,44.85,81,75,10.36
298,Ust-Nera,RU,2021-10-07 12:16:06,64.5667,143.2,22.35,88,98,4.65
299,Tautira,PF,2021-10-07 12:16:06,-17.7333,-149.15,75.22,77,13,4.63
300,Camopi,GF,2021-10-07 12:16:07,3.1655,-52.3158,81.73,73,89,3.36
301,Kankan,GN,2021-10-07 12:16:07,10.3854,-9.3057,88.93,55,80,2.82
302,Kiunga,PG,2021-10-07 12:16:08,-6.1219,141.2906,74.66,99,93,3.13
303,Kilindoni,TZ,2021-10-07 12:16:08,-7.9139,39.6668,79.99,71,37,10.0
304,Nadym,RU,2021-10-07 12:16:08,65.5333,72.5167,46.2,81,96,14.43
305,North Bend,US,2021-10-07 12:16:09,43.4065,-124.2243,45.91,99,90,3.44
306,Kavaratti,IN,2021-10-07 12:16:09,10.5669,72.642,83.03,71,94,5.95
307,Abu Samrah,SY,2021-10-07 12:16:10,35.3029,37.1841,82.22,15,0,6.6
308,Popondetta,PG,2021-10-07 12:16:10,-8.7537,148.2534,73.04,96,24,3.29
309,Lahaina,US,2021-10-07 12:16:10,20.8783,-156.6825,77.81,72,0,11.36
310,Pimentel,PE,2021-10-07 12:16:11,-6.8367,-79.9342,61.09,88,75,14.97
311,Turka,UA,2021-10-07 12:16:11,49.1541,23.0297,58.26,49,51,7.54
312,Mahon,ES,2021-10-07 12:16:12,39.8885,4.2658,70.36,46,20,18.41
313,Tremedal,BR,2021-10-07 12:16:12,-14.9758,-41.4108,82.65,40,3,6.2
314,Bandarbeyla,SO,2021-10-07 12:16:13,9.4942,50.8122,83.48,69,38,27.22
315,Mahanje,TZ,2021-10-07 12:16:14,-9.9333,35.3333,89.19,25,98,12.44
316,Petropavlovsk-Kamchatskiy,RU,2021-10-07 12:16:14,53.0452,158.6483,34.39,69,75,2.24
317,Ambovombe,MG,2021-10-07 12:16:14,-25.1667,46.0833,69.44,56,30,15.61
318,Moron,AR,2021-10-07 12:16:12,-34.6534,-58.6198,54.01,48,0,4.0
319,Nishihara,JP,2021-10-07 12:16:15,26.1842,127.7558,80.65,97,75,10.36
320,Hambantota,LK,2021-10-07 12:16:15,6.1241,81.1185,82.56,78,26,17.18
321,Vila Velha,BR,2021-10-07 12:14:39,-20.3297,-40.2925,82.35,69,40,10.36
322,Clyde River,CA,2021-10-07 12:16:16,70.4692,-68.5914,32.7,97,99,1.83
323,Jinxiang,CN,2021-10-07 12:16:16,27.4327,120.6062,76.77,91,93,8.88
324,Esperance,AU,2021-10-07 12:16:17,-33.8667,121.9,57.63,60,93,3.06
325,Arteaga,MX,2021-10-07 12:16:17,18.4667,-102.4167,63.32,92,87,2.84
326,Ndele,CF,2021-10-07 12:16:18,8.4109,20.6473,86.2,60,96,3.09
327,Kamenka,RU,2021-10-07 12:16:18,51.3223,42.7678,51.75,35,6,10.49
328,Alofi,NU,2021-10-07 12:15:19,-19.0595,-169.9187,77.45,77,60,14.16
329,Port Pirie,AU,2021-10-07 12:16:18,-33.1833,138.0167,55.49,68,43,8.61
330,Bilibino,RU,2021-10-07 12:16:19,68.0546,166.4372,-2.51,98,50,4.12
331,Potchefstroom,ZA,2021-10-07 12:16:20,-26.7167,27.1,86.36,24,74,17.29
332,Winkler,CA,2021-10-07 12:16:20,49.1817,-97.941,59.72,82,5,10.36
333,Rio Verde De Mato Grosso,BR,2021-10-07 12:16:20,-18.9181,-54.8442,79.65,68,96,3.76
334,Basco,PH,2021-10-07 12:16:21,20.4487,121.9702,83.12,79,100,13.51
335,Axim,GH,2021-10-07 12:16:21,4.8699,-2.2405,82.02,76,65,7.11
336,Vytegra,RU,2021-10-07 12:16:22,61.0064,36.4481,54.19,57,4,12.41
337,Nur,PL,2021-10-07 12:16:22,52.6683,22.3221,62.78,38,87,13.94
338,Cabra,ES,2021-10-07 12:16:22,37.4725,-4.4421,84.18,29,86,3.42
339,Zhigansk,RU,2021-10-07 12:12:12,66.7697,123.3711,30.43,96,100,20.13
340,Mount Isa,AU,2021-10-07 12:16:23,-20.7333,139.5,85.77,17,44,9.22
341,Tuatapere,NZ,2021-10-07 12:16:23,-46.1333,167.6833,50.83,92,62,4.29
342,Ballybofey,IE,2021-10-07 12:16:23,54.8,-7.7833,65.95,96,100,8.55
343,Jacqueville,CI,2021-10-07 12:16:24,5.2052,-4.4146,82.31,83,96,6.82
344,Suihua,CN,2021-10-07 12:16:24,46.6406,126.9969,46.47,52,28,7.18
345,Waipawa,NZ,2021-10-07 12:16:25,-41.4122,175.5153,56.03,97,100,4.9
346,Olinda,BR,2021-10-07 12:16:25,-8.0089,-34.8553,83.93,70,75,8.05
347,Shanghai,CN,2021-10-07 12:16:23,31.2222,121.4581,78.93,89,20,8.95
348,Ihosy,MG,2021-10-07 12:16:25,-22.4,46.1167,78.6,29,29,10.83
349,Rocha,UY,2021-10-07 12:16:26,-34.4833,-54.3333,51.93,59,5,8.75
350,Ulladulla,AU,2021-10-07 12:16:26,-35.35,150.4667,58.87,69,95,5.1
351,Kangaatsiaq,GL,2021-10-07 12:16:27,68.3065,-53.4641,29.66,59,99,10.76
352,Oranjemund,NA,2021-10-07 12:16:27,-28.55,16.4333,65.64,63,9,15.05
353,Leshukonskoye,RU,2021-10-07 12:16:27,64.8989,45.7622,51.04,66,3,13.15
354,Warrnambool,AU,2021-10-07 12:16:28,-38.3833,142.4833,48.81,80,44,11.54
355,Nowy Dwor Gdanski,PL,2021-10-07 12:16:28,54.2131,19.1177,59.99,50,85,7.4
356,Nurota,UZ,2021-10-07 12:16:28,40.5614,65.6886,59.09,24,56,14.85
357,Arlit,NE,2021-10-07 12:16:29,18.7369,7.3853,97.29,7,0,7.23
358,La Roda,ES,2021-10-07 12:16:29,39.2167,-2.15,74.91,32,4,4.61
359,Clinton,US,2021-10-07 12:14:08,42.587,-82.9199,64.92,95,90,1.01
360,Bathsheba,BB,2021-10-07 12:16:30,13.2167,-59.5167,79.41,89,75,24.16
361,Fairbanks,US,2021-10-07 12:12:37,64.8378,-147.7164,35.6,94,90,4.61
362,Farrukhnagar,IN,2021-10-07 12:15:48,17.0778,78.2011,82.11,77,93,5.39
363,Matara,LK,2021-10-07 12:16:30,5.9485,80.5353,80.92,84,41,9.62
364,Sokolskoye,RU,2021-10-07 12:16:31,57.1412,43.1589,49.66,54,11,6.06
365,Luanda,AO,2021-10-07 12:11:44,-8.8368,13.2343,78.37,74,68,14.52
366,Ayan,RU,2021-10-07 12:16:31,56.45,138.1667,40.37,55,61,5.23
367,Khatanga,RU,2021-10-07 12:16:31,71.9667,102.5,11.21,97,96,1.9
368,Cookeville,US,2021-10-07 12:14:58,36.1628,-85.5016,64.11,97,75,0.0
369,Monster,NL,2021-10-07 12:16:32,52.0258,4.175,65.98,78,86,1.99
370,Antalaha,MG,2021-10-07 12:16:32,-14.9003,50.2788,78.15,60,29,8.5
371,Benton Harbor,US,2021-10-07 12:16:33,42.1167,-86.4542,66.85,92,90,6.91
372,Saint-Augustin,CA,2021-10-07 12:16:33,51.226,-58.6502,44.13,61,48,13.22
373,Chicama,PE,2021-10-07 12:16:33,-7.8447,-79.1469,57.74,87,96,5.1
374,Tawau,MY,2021-10-07 12:16:34,4.2498,117.8871,78.93,83,92,6.08
375,Aljezur,PT,2021-10-07 12:16:34,37.3191,-8.8033,81.27,39,35,1.79
376,Rovinj,HR,2021-10-07 12:16:35,45.08,13.64,62.51,73,100,24.36
377,Batemans Bay,AU,2021-10-07 12:16:35,-35.7167,150.1833,59.09,68,88,3.71
378,Birjand,IR,2021-10-07 12:16:35,32.8663,59.2211,90.07,5,20,16.11
379,Degtyarsk,RU,2021-10-07 12:16:36,56.704,60.0879,46.72,57,7,10.07
380,Charagua,BO,2021-10-07 12:16:36,-19.8,-63.2167,63.97,77,100,6.93
381,Roma,US,2021-10-07 12:15:13,43.2128,-75.4557,63.88,95,90,3.44
382,Naze,JP,2021-10-07 12:16:36,28.3667,129.4833,76.93,78,100,13.38
383,Aklavik,CA,2021-10-07 12:16:37,68.2191,-135.0107,29.23,89,16,5.12
384,Byron Bay,AU,2021-10-07 12:16:37,-28.65,153.6167,71.71,72,100,12.66
385,Mitha Tiwana,PK,2021-10-07 12:16:38,32.2486,72.1108,98.22,18,0,4.97
386,Tairua,NZ,2021-10-07 12:16:38,-37.0167,175.85,60.1,93,95,11.97
387,Mosquera,CO,2021-10-07 12:14:03,4.7059,-74.2302,55.49,88,75,2.3
388,Namibe,AO,2021-10-07 12:16:39,-15.1961,12.1522,74.35,60,77,13.73
389,Terra Santa,BR,2021-10-07 12:16:39,-2.1042,-56.4869,86.76,53,88,1.32
390,Tarrafal,CV,2021-10-07 12:16:39,15.2833,-23.7667,86.79,78,71,11.83
391,Port Hedland,AU,2021-10-07 12:16:40,-20.3167,118.5667,71.65,88,2,6.91
392,Victoria Point,AU,2021-10-07 12:16:40,-27.5833,153.3,69.12,88,100,9.33
393,Zyryanka,RU,2021-10-07 12:16:40,65.75,150.85,19.15,74,53,6.85
394,Rengo,CL,2021-10-07 12:16:41,-34.4167,-70.8667,52.63,55,0,1.74
395,Meulaboh,ID,2021-10-07 12:16:41,4.1363,96.1285,78.69,83,81,4.29
396,Correntina,BR,2021-10-07 12:16:41,-13.3433,-44.6367,88.18,33,5,6.42
397,Samsun,TR,2021-10-07 12:16:42,41.25,36.3333,65.16,70,40,10.36
398,Murashi,RU,2021-10-07 12:16:42,59.3999,48.9615,48.96,61,64,7.31
399,Sadao,TH,2021-10-07 12:16:42,6.6388,100.4234,80.13,85,99,3.87
400,Puerto Escondido,MX,2021-10-07 12:16:43,15.85,-97.0667,76.03,78,1,6.91
401,Tabou,CI,2021-10-07 12:16:43,4.423,-7.3528,78.89,83,85,6.06
402,Kasiri,SL,2021-10-07 12:16:44,8.9412,-13.1148,88.43,62,80,0.58
403,Muhos,FI,2021-10-07 12:16:44,64.808,25.9931,53.38,84,100,14.88
404,Yokadouma,CM,2021-10-07 12:16:44,3.5167,15.05,84.49,65,94,2.62
405,Stornoway,GB,2021-10-07 12:12:29,58.2093,-6.3865,60.76,88,90,24.16
406,Sisimiut,GL,2021-10-07 12:16:45,66.9395,-53.6735,32.54,64,69,8.46
407,Marsh Harbour,BS,2021-10-07 12:16:45,26.5412,-77.0636,82.62,74,40,13.87
408,Swan River,CA,2021-10-07 12:13:01,52.1058,-101.2676,60.08,43,90,6.89
409,Silver City,US,2021-10-07 12:15:29,32.7701,-108.2803,59.63,65,1,5.01
410,Tshane,BW,2021-10-07 12:16:46,-24.0196,21.8684,86.63,27,71,13.8
411,Saint George,US,2021-10-07 12:16:46,37.1041,-113.5841,67.35,62,40,4.61
412,Hoshangabad,IN,2021-10-07 12:16:46,22.75,77.7167,85.01,67,35,1.3
413,Itarema,BR,2021-10-07 12:16:47,-2.9248,-39.9167,85.91,59,87,14.79
414,Buraydah,SA,2021-10-07 12:16:47,26.326,43.975,102.65,10,0,7.11
415,Gimli,CA,2021-10-07 12:16:47,50.6336,-96.9907,60.82,82,37,14.97
416,Laguna,US,2021-10-07 12:13:18,38.421,-121.4238,60.62,74,1,3.44
417,Kologriv,RU,2021-10-07 12:16:48,58.8275,44.3178,51.28,55,38,6.49
418,Port Lincoln,AU,2021-10-07 12:16:48,-34.7333,135.8667,51.06,73,51,3.85
419,Okakarara,NA,2021-10-07 12:16:49,-20.5833,17.4333,95.88,13,41,17.85
420,Copiapo,CL,2021-10-07 12:16:35,-27.3667,-70.3333,53.29,66,63,4.23
421,Karonga,MW,2021-10-07 12:16:49,-9.9333,33.9333,83.97,51,85,12.71
422,Faya,SA,2021-10-07 12:16:49,18.3851,42.4509,80.71,25,23,7.11
423,Tabuk,PH,2021-10-07 12:16:50,17.4189,121.4443,75.4,93,100,3.58
424,Kruisfontein,ZA,2021-10-07 12:16:50,-34.0033,24.7314,81.88,35,66,18.01
425,Te Anau,NZ,2021-10-07 12:16:51,-45.4167,167.7167,48.74,96,82,2.66
426,Lata,PT,2021-10-07 12:16:51,40.1629,-8.3327,82.35,46,13,3.0
427,Ilulissat,GL,2021-10-07 12:16:51,69.2167,-51.1,24.82,50,20,1.14
428,Hualmay,PE,2021-10-07 12:16:52,-11.0964,-77.6139,61.83,89,93,8.41
429,Raymondville,US,2021-10-07 12:16:52,26.4815,-97.7831,71.24,69,5,5.79
430,Luena,AO,2021-10-07 12:16:52,-11.7833,19.9167,88.56,29,77,11.77
431,Adrar,MR,2021-10-07 12:16:53,20.5022,-10.0711,102.07,11,36,11.61
432,Abapo,BO,2021-10-07 12:16:53,-18.8333,-63.4667,64.18,88,100,3.13
433,Ostrow Wielkopolski,PL,2021-10-07 12:16:54,51.655,17.8069,60.58,55,76,10.56
434,Isabela,PH,2021-10-07 12:16:55,6.7085,121.9711,80.65,83,36,2.68
435,West Des Moines,US,2021-10-07 12:16:56,41.572,-93.7453,66.18,95,90,0.0
436,Maragogi,BR,2021-10-07 12:16:56,-9.0122,-35.2225,80.1,72,84,8.68
437,Sakakah,SA,2021-10-07 12:12:09,29.9697,40.2064,90.99,15,0,10.49
438,Los Llanos De Aridane,ES,2021-10-07 12:16:57,28.6585,-17.9182,74.95,79,20,11.5
439,Krasnoarmeysk,RU,2021-10-07 12:16:57,51.0239,45.6969,51.3,37,2,8.3
440,Aguimes,ES,2021-10-07 12:16:57,27.9054,-15.4461,76.66,66,20,23.02
441,Iwanai,JP,2021-10-07 12:16:58,42.9744,140.5089,50.16,75,100,4.72
442,Igunga,TZ,2021-10-07 12:16:58,-4.2833,33.8833,94.96,12,61,7.45
443,Prachuap Khiri Khan,TH,2021-10-07 12:13:18,12.2167,99.75,81.68,92,100,2.55
444,Poya,NC,2021-10-07 12:16:59,-21.35,165.15,66.6,69,0,7.81
445,Murgab,TM,2021-10-07 12:16:59,37.4966,61.9714,66.07,16,40,13.8
446,Shimoda,JP,2021-10-07 12:16:59,34.6667,138.95,75.31,89,77,4.88
447,Virginia Beach,US,2021-10-07 12:12:50,36.8529,-75.978,72.01,88,97,1.99
448,Biltine,TD,2021-10-07 12:17:00,14.5333,20.9167,98.06,14,0,4.25
449,Quatre Cocos,MU,2021-10-07 12:17:00,-20.2078,57.7625,79.09,69,47,3.98
450,Evensk,RU,2021-10-07 12:12:19,61.95,159.2333,24.48,57,19,7.27
451,Westport,US,2021-10-07 12:12:08,41.1415,-73.3579,63.99,95,1,3.44
452,Butia,BR,2021-10-07 12:17:01,-30.1197,-51.9622,57.99,61,62,6.33
453,Lorengau,PG,2021-10-07 12:17:01,-2.0226,147.2712,80.53,76,72,1.32
454,Ellisras,ZA,2021-10-07 12:17:01,-23.6649,27.7443,85.06,37,85,17.16
455,Harare,ZW,2021-10-07 12:16:23,-17.8294,31.0539,86.18,20,33,9.22
456,Nehe,CN,2021-10-07 12:17:02,48.4833,124.8333,45.36,75,12,7.99
457,Santa Maria Da Vitoria,BR,2021-10-07 12:17:02,-13.3947,-44.1886,89.67,33,6,5.3
458,Sao Jose Da Coroa Grande,BR,2021-10-07 12:17:03,-8.8978,-35.1478,80.29,71,84,8.39
459,Boende,CD,2021-10-07 12:17:03,-0.2167,20.8667,98.33,34,65,0.36
460,Fare,PF,2021-10-07 12:17:03,-16.7,-151.0167,77.63,77,12,8.12
461,Tenosique,MX,2021-10-07 12:17:04,17.4833,-91.4333,72.0,97,92,1.88
462,Tacoronte,ES,2021-10-07 12:17:04,28.4769,-16.4102,79.12,65,20,12.66
463,Palana,RU,2021-10-07 12:17:04,59.1167,159.9667,28.85,73,98,6.58
464,Helong,CN,2021-10-07 12:17:05,42.5397,128.9972,45.05,91,87,3.06
465,Mugur-Aksy,RU,2021-10-07 12:17:05,50.35,90.5,21.13,94,100,7.11
466,Kendari,ID,2021-10-07 12:13:27,-3.945,122.4989,77.09,85,90,2.86
467,Mangai,CD,2021-10-07 12:17:06,-4.05,19.5333,97.18,32,83,3.87
468,Pueblo Bello,CO,2021-10-07 12:17:06,8.2041,-76.526,73.65,98,100,2.73
469,Filomeno Mata,MX,2021-10-07 12:17:07,20.2,-97.7,64.71,78,45,6.11
470,Chapleau,CA,2021-10-07 12:17:07,47.8405,-83.4034,37.49,100,90,2.3
471,Nizhniy Tsasuchey,RU,2021-10-07 12:17:07,50.5167,115.1333,40.82,40,43,4.0
472,Mbengwi,CM,2021-10-07 12:17:08,6.0167,10.0,71.96,81,99,2.95
473,Kajaani,FI,2021-10-07 12:17:08,64.2273,27.7285,51.85,87,90,17.27
474,Dingle,PH,2021-10-07 12:17:09,10.9995,122.6711,78.06,89,87,0.83
475,Tsumeb,NA,2021-10-07 12:17:09,-19.2333,17.7167,94.55,20,90,10.4
476,Jiangyou,CN,2021-10-07 12:17:09,31.7667,104.7167,64.13,85,92,2.55
477,Waitati,NZ,2021-10-07 12:17:10,-45.75,170.5667,54.1,71,80,4.16
478,Granadilla De Abona,ES,2021-10-07 12:17:10,28.1188,-16.576,78.75,59,0,18.41
479,Solvychegodsk,RU,2021-10-07 12:17:10,61.3305,46.9156,51.66,63,15,10.0
480,Honiara,SB,2021-10-07 12:15:19,-9.4333,159.95,78.62,88,15,5.95
481,Coahuayana,MX,2021-10-07 12:17:11,18.7333,-103.6833,80.08,89,29,3.91
482,Altay,CN,2021-10-07 12:17:11,47.8667,88.1167,30.87,51,34,6.8
483,San Patricio,US,2021-10-07 12:17:11,28.017,-97.5169,80.44,72,0,5.35
484,Belle Fourche,US,2021-10-07 12:17:12,44.6714,-103.8522,65.71,52,44,5.91
485,Aykhal,RU,2021-10-07 12:17:12,66.0,111.5,26.28,94,99,16.24
486,Antofagasta,CL,2021-10-07 12:13:29,-23.65,-70.4,58.28,77,65,1.01
487,Kaeo,NZ,2021-10-07 12:17:13,-35.1,173.7833,55.33,97,42,6.26
488,Gotsu,JP,2021-10-07 12:17:13,35.0,132.2167,68.88,83,0,4.61
489,Luganville,VU,2021-10-07 12:17:13,-15.5333,167.1667,78.89,84,79,8.75
490,Coihaique,CL,2021-10-07 12:16:38,-45.5752,-72.0662,40.95,70,0,0.0
491,Nalut,LY,2021-10-07 12:17:14,30.3333,10.85,85.44,29,31,1.48
492,Praya,CV,2021-10-07 12:17:14,14.9215,-23.5087,86.54,62,20,12.66
493,Berbera,SO,2021-10-07 12:17:15,10.4396,45.0143,91.45,62,5,10.33
494,Kachiry,KZ,2021-10-07 12:17:15,53.0675,76.1036,44.64,68,100,11.88
495,Luis Correia,BR,2021-10-07 12:17:15,-2.8792,-41.6669,85.68,61,85,12.08
496,Rio Gallegos,AR,2021-10-07 12:17:15,-51.6226,-69.2181,37.45,81,0,5.75
497,Sume,BR,2021-10-07 12:17:16,-7.6717,-36.88,82.42,44,56,11.07
498,Tilichiki,RU,2021-10-07 12:17:16,60.4667,166.1,28.35,67,100,9.89
499,Portobelo,PA,2021-10-07 12:17:16,9.55,-79.65,77.95,88,94,3.27
500,Beloha,MG,2021-10-07 12:17:17,-25.1667,45.05,71.37,45,80,16.24
501,Chiang Klang,TH,2021-10-07 12:17:17,19.2938,100.8617,81.45,75,76,1.05
502,Kresttsy,RU,2021-10-07 12:17:17,58.2452,32.5165,53.24,43,2,9.08
503,Hokitika,NZ,2021-10-07 12:17:18,-42.7167,170.9667,54.48,90,95,7.09
504,Palmer,US,2021-10-07 12:13:32,42.1584,-72.3287,57.67,86,90,0.0
505,Saint-Francois,FR,2021-10-07 12:17:18,46.4154,3.9054,58.68,82,90,6.91
506,Devils Lake,US,2021-10-07 12:17:19,48.1128,-98.8651,58.98,86,1,10.0
507,Buchanan,LR,2021-10-07 12:17:19,5.8808,-10.0467,87.76,75,99,7.67
508,Vostok,RU,2021-10-07 12:17:19,46.4856,135.8833,38.14,84,66,4.43
509,Alice Springs,AU,2021-10-07 12:14:52,-23.7,133.8833,74.75,53,56,11.5
510,Praia,CV,2021-10-07 12:17:14,14.9215,-23.5087,86.54,62,20,12.66
511,Borba,BR,2021-10-07 12:17:20,-4.3878,-59.5939,84.4,61,91,1.99
512,Vanavara,RU,2021-10-07 12:17:20,60.34,102.2797,34.21,97,100,10.29
513,Glinka,RU,2021-10-07 12:17:20,54.6404,32.8781,50.63,39,6,7.63
514,Klaksvik,FO,2021-10-07 12:17:21,62.2266,-6.589,54.52,99,100,21.3
515,Bayshore Gardens,US,2021-10-07 12:17:21,27.4253,-82.5904,79.02,82,1,5.75
516,Tual,ID,2021-10-07 12:17:22,-5.6667,132.75,81.84,76,31,8.95
517,Rawlins,US,2021-10-07 12:17:22,41.7911,-107.2387,39.09,81,1,0.0
518,Yerbogachen,RU,2021-10-07 12:17:23,61.2767,108.0108,33.26,97,100,11.23
519,Mezen,RU,2021-10-07 12:17:23,65.8522,44.24,50.67,70,100,14.07
520,Siocon,PH,2021-10-07 12:17:23,7.7061,122.1353,80.8,83,85,3.85
521,Qorveh,IR,2021-10-07 12:17:23,35.1664,47.8045,72.32,15,0,19.04
522,Tommot,RU,2021-10-07 12:17:24,58.9564,126.2925,32.36,75,99,10.4
523,Kargopol,RU,2021-10-07 12:17:24,61.5071,38.9456,51.93,61,5,11.54
524,Luderitz,NA,2021-10-07 12:17:24,-26.6481,15.1594,65.75,60,0,7.87
525,Iguape,BR,2021-10-07 12:17:25,-24.7081,-47.5553,66.06,91,100,14.74
526,Kusadak,RS,2021-10-07 12:17:25,44.3997,20.8033,56.55,49,100,21.85
527,Alindao,CF,2021-10-07 12:17:26,5.0267,21.2088,83.21,73,97,3.22
528,Kerema,PG,2021-10-07 12:17:26,-7.9631,145.7785,78.78,89,81,3.8
529,Saint Anthony,US,2021-10-07 12:17:26,45.0205,-93.218,63.25,85,90,1.01
530,Ranong,TH,2021-10-07 12:17:27,9.9658,98.6348,76.93,89,100,14.2
531,Puerto Del Rosario,ES,2021-10-07 12:17:27,28.5004,-13.8627,76.75,69,20,12.66
532,Saint Andrews,US,2021-10-07 12:17:27,34.0454,-81.1293,71.62,83,90,1.01
533,Vilcun,CL,2021-10-07 12:17:28,-38.65,-72.2333,41.74,64,0,0.87
534,Hay River,CA,2021-10-07 12:17:28,60.8156,-115.7999,33.78,100,75,5.75
535,Roald,NO,2021-10-07 12:17:28,62.5833,6.1333,57.16,76,40,9.22
536,Itapema,BR,2021-10-07 12:17:29,-27.0903,-48.6114,66.22,78,100,1.99
537,Makokou,GA,2021-10-07 12:17:29,0.5738,12.8642,79.81,83,88,0.67
538,Cervo,ES,2021-10-07 12:17:30,43.6702,-7.4101,69.19,65,7,8.48
539,Motygino,RU,2021-10-07 12:17:30,58.1831,94.7592,33.06,98,100,8.7
540,Svetlaya,RU,2021-10-07 12:17:30,46.5389,138.3297,49.3,64,93,7.87
541,Saldanha,ZA,2021-10-07 12:17:30,-33.0117,17.9442,65.91,66,0,19.22
542,Krasnoselkup,RU,2021-10-07 12:17:31,65.7,82.4667,42.1,92,100,13.89
543,Margate,GB,2021-10-07 12:17:31,51.3813,1.3862,63.7,82,100,1.01
