City_ID,City,Lat,Lng,Max Temp,Humidity,Cloudiness,Wind Speed,Country,Date
0,Qaanaaq,77.484,-69.3632,29.48,87,100,11.18,GL,2021-10-10 17:12:52
1,Nome,64.5011,-165.4064,26.67,93,40,5.75,US,2021-10-10 17:12:52
2,Inirida,3.8653,-67.9239,90.9,54,97,2.55,CO,2021-10-10 17:12:53
3,Albany,42.6001,-73.9662,67.17,75,91,3.0,US,2021-10-10 17:10:28
4,Yangmei,24.1023,112.5618,62.64,96,100,6.64,CN,2021-10-10 17:12:53
5,Dicabisagan,17.0818,122.4157,78.58,87,99,6.87,PH,2021-10-10 17:12:53
6,Pevek,69.7008,170.3133,22.06,91,100,6.55,RU,2021-10-10 17:11:27
7,Gargzdai,55.7128,21.4033,45.86,70,4,5.66,LT,2021-10-10 17:12:54
8,Indianola,41.3581,-93.5574,73.31,68,100,7.81,US,2021-10-10 17:12:54
9,Bluff,-46.6,168.3333,53.8,70,100,12.71,NZ,2021-10-10 17:12:54
10,Ponta Do Sol,32.6667,-17.1,76.71,71,13,2.95,PT,2021-10-10 17:12:55
11,Hohhot,40.8106,111.6522,41.9,34,0,3.65,CN,2021-10-10 17:12:55
12,Mataura,-46.1927,168.8643,53.47,86,100,2.55,NZ,2021-10-10 17:12:55
13,San Pedro,14.35,121.0167,81.36,84,47,9.01,PH,2021-10-10 17:12:56
14,Ushuaia,-54.8,-68.3,49.66,32,20,18.41,AR,2021-10-10 17:10:23
15,Omboue,-1.5746,9.2618,77.85,82,97,7.31,GA,2021-10-10 17:12:56
16,Vaini,-21.2,-175.2,69.96,100,75,2.3,TO,2021-10-10 17:11:04
17,Dunkwa,5.9656,-1.78,77.81,94,76,4.09,GH,2021-10-10 17:12:56
18,Rikitea,-23.1203,-134.9692,74.62,81,100,19.13,PF,2021-10-10 17:12:57
19,Kapaa,22.0752,-159.319,76.12,77,75,5.01,US,2021-10-10 17:12:57
20,Hobart,-42.8794,147.3294,41.25,80,28,1.01,AU,2021-10-10 17:12:57
21,Ola,59.5833,151.2833,31.42,63,1,6.11,RU,2021-10-10 17:12:57
22,Sola,-13.8833,167.55,79.38,79,99,18.12,VU,2021-10-10 17:12:58
23,Cidreira,-30.1811,-50.2056,66.24,80,90,16.93,BR,2021-10-10 17:11:14
24,Diamantina,-18.2494,-43.6003,63.73,86,100,3.53,BR,2021-10-10 17:12:58
25,Lagoa,39.05,-27.9833,70.18,87,100,18.97,PT,2021-10-10 17:12:59
26,Kahului,20.8947,-156.47,75.85,82,40,17.27,US,2021-10-10 17:10:39
27,Prieska,-29.6641,22.7474,69.06,6,0,7.85,ZA,2021-10-10 17:12:59
28,Atuona,-9.8,-139.0333,77.99,72,5,17.02,PF,2021-10-10 17:12:59
29,Graham,47.0529,-122.2943,51.46,82,75,3.0,US,2021-10-10 17:13:00
30,Martapura,-3.4167,114.85,73.49,100,90,3.44,ID,2021-10-10 17:13:00
31,Katsuura,35.1333,140.3,73.51,68,76,12.57,JP,2021-10-10 17:13:00
32,Castro,-24.7911,-50.0119,57.56,96,100,7.96,BR,2021-10-10 17:13:00
33,Saint-Philippe,-21.3585,55.7679,72.99,87,22,8.97,RE,2021-10-10 17:13:01
34,Bonthe,7.5264,-12.505,82.6,74,71,9.1,SL,2021-10-10 17:13:01
35,Sauce,-34.6469,-56.0628,66.13,69,57,9.95,UY,2021-10-10 17:13:02
36,Praia,14.9215,-23.5087,88.34,51,0,16.11,CV,2021-10-10 17:13:02
37,Grindavik,63.8424,-22.4338,41.47,93,75,10.36,IS,2021-10-10 17:13:03
38,Irece,-11.3042,-41.8558,93.4,21,22,9.75,BR,2021-10-10 17:13:03
39,Olavarria,-36.8927,-60.3225,65.01,72,54,9.35,AR,2021-10-10 17:10:54
40,Upernavik,72.7868,-56.1549,32.25,99,100,10.65,GL,2021-10-10 17:13:03
41,Yellowknife,62.456,-114.3525,37.42,100,90,12.66,CA,2021-10-10 17:13:04
42,Arraial Do Cabo,-22.9661,-42.0278,69.66,83,90,14.97,BR,2021-10-10 17:10:26
43,Dikson,73.5069,80.5464,29.19,75,100,22.88,RU,2021-10-10 17:13:04
44,Rocha,-34.4833,-54.3333,64.78,65,81,15.5,UY,2021-10-10 17:08:44
45,Port Elizabeth,-33.918,25.5701,61.11,68,1,18.23,ZA,2021-10-10 17:08:52
46,Kavieng,-2.5744,150.7967,82.0,78,83,8.41,PG,2021-10-10 17:13:04
47,Vinh,18.6667,105.6667,75.97,95,100,6.13,VN,2021-10-10 17:13:05
48,Sur,22.5667,59.5289,83.35,60,2,2.1,OM,2021-10-10 17:13:05
49,Mahebourg,-20.4081,57.7,74.25,88,78,12.21,MU,2021-10-10 17:10:29
50,Busselton,-33.65,115.3333,53.1,72,100,11.23,AU,2021-10-10 17:13:05
51,Acapulco,16.8634,-99.8901,85.82,74,40,11.5,MX,2021-10-10 17:12:57
52,Umm Kaddadah,13.6017,26.6876,96.04,15,95,8.61,SD,2021-10-10 17:13:06
53,Kalakamati,-20.5929,27.3121,59.54,80,27,25.93,BW,2021-10-10 17:13:06
54,Nishihara,26.1842,127.7558,82.06,92,90,23.02,JP,2021-10-10 17:13:06
55,Cortez,37.3489,-108.5859,60.42,47,1,13.8,US,2021-10-10 17:13:07
56,Mgandu,-5.95,34.1333,78.51,30,95,7.94,TZ,2021-10-10 17:09:15
57,Olafsvik,64.8945,-23.7142,40.48,65,93,5.99,IS,2021-10-10 17:13:07
58,Atar,20.5169,-13.0499,99.84,10,15,13.2,MR,2021-10-10 17:13:08
59,Hilo,19.7297,-155.09,75.27,92,90,5.75,US,2021-10-10 17:10:24
60,Beringovskiy,63.05,179.3167,30.47,86,99,10.6,RU,2021-10-10 17:13:08
61,Hanzhong,33.0728,107.0303,50.72,86,100,0.65,CN,2021-10-10 17:13:08
62,Punta Arenas,-53.15,-70.9167,53.71,32,20,31.07,CL,2021-10-10 17:10:23
63,Marsa Matruh,31.3525,27.2453,74.91,69,0,10.36,EG,2021-10-10 17:13:09
64,Thompson,55.7435,-97.8558,42.96,100,90,5.75,CA,2021-10-10 17:13:09
65,Ballina,-28.8667,153.5667,71.78,85,75,11.63,AU,2021-10-10 17:13:09
66,Vostok,46.4856,135.8833,37.76,93,99,15.68,RU,2021-10-10 17:13:09
67,Butaritari,3.0707,172.7902,81.48,71,17,14.36,KI,2021-10-10 17:13:10
68,San Borja,-14.8167,-66.85,102.47,29,76,7.85,BO,2021-10-10 17:13:10
69,Banjar,-8.19,114.9675,76.91,89,72,6.98,ID,2021-10-10 17:13:10
70,Saint-Agapit,46.5629,-71.4352,60.35,73,100,3.49,CA,2021-10-10 17:13:11
71,El Alto,-4.2714,-81.2147,73.06,74,44,8.9,PE,2021-10-10 17:13:11
72,Leningradskiy,69.3833,178.4167,18.09,91,100,4.85,RU,2021-10-10 17:13:12
73,Lompoc,34.6391,-120.4579,76.08,56,1,1.01,US,2021-10-10 17:11:16
74,Iberia,29.9502,-91.7507,84.96,65,20,12.66,US,2021-10-10 17:12:51
75,Puerto Ayora,-0.7393,-90.3518,75.16,85,88,8.01,EC,2021-10-10 17:13:12
76,Hofn,64.2539,-15.2082,42.94,89,98,3.58,IS,2021-10-10 17:13:13
77,Ginda,30.6945,78.4932,57.79,53,0,6.78,IN,2021-10-10 17:13:13
78,Sitka,57.0531,-135.33,44.49,87,75,6.91,US,2021-10-10 17:10:36
79,Bredasdorp,-34.5322,20.0403,57.72,84,82,6.26,ZA,2021-10-10 17:13:13
80,Saint-Francois,46.4154,3.9054,58.44,74,0,4.61,FR,2021-10-10 17:13:14
81,Esperance,-33.8667,121.9,54.52,58,90,17.47,AU,2021-10-10 17:13:14
82,Bambous Virieux,-20.3428,57.7575,74.21,88,81,11.9,MU,2021-10-10 17:13:14
83,Tual,-5.6667,132.75,81.21,82,66,4.32,ID,2021-10-10 17:13:15
84,Kloulklubed,7.0419,134.2556,75.7,73,94,13.04,PW,2021-10-10 17:13:15
85,Tiksi,71.6872,128.8694,27.3,90,100,4.21,RU,2021-10-10 17:13:15
86,Souillac,-20.5167,57.5167,74.35,90,78,11.99,MU,2021-10-10 17:13:16
87,Cedar Lake,41.3648,-87.4411,79.9,68,92,13.78,US,2021-10-10 17:13:16
88,Necochea,-38.5473,-58.7368,67.03,63,0,10.51,AR,2021-10-10 17:13:16
89,Jamestown,42.097,-79.2353,70.02,75,40,7.0,US,2021-10-10 17:12:25
90,Jacareacanga,-6.2222,-57.7528,99.03,31,33,3.74,BR,2021-10-10 17:13:17
91,Pierre,44.3683,-100.351,60.85,58,1,1.01,US,2021-10-10 17:11:02
92,Mar Del Plata,-38.0023,-57.5575,62.62,27,40,13.0,AR,2021-10-10 17:13:17
93,Tasiilaq,65.6145,-37.6368,33.96,64,0,4.47,GL,2021-10-10 17:10:39
94,Norman Wells,65.282,-126.8329,32.04,93,90,9.22,CA,2021-10-10 17:13:17
95,East London,-33.0153,27.9116,62.58,62,3,14.99,ZA,2021-10-10 17:13:18
96,Los Andes,-32.8337,-70.5983,68.9,45,8,7.34,CL,2021-10-10 17:13:18
97,Port Blair,11.6667,92.75,80.4,86,91,14.25,IN,2021-10-10 17:13:18
98,Jieshi,22.8134,115.8257,82.94,79,58,4.03,CN,2021-10-10 17:13:19
99,Constitucion,-35.3333,-72.4167,59.67,62,11,10.8,CL,2021-10-10 17:11:29
100,Pula,44.8683,13.8481,53.49,71,20,18.41,HR,2021-10-10 17:13:19
101,New Norfolk,-42.7826,147.0587,40.91,69,72,2.59,AU,2021-10-10 17:13:19
102,Touros,-5.1989,-35.4608,88.7,54,62,14.12,BR,2021-10-10 17:12:36
103,Mahon,39.8885,4.2658,66.76,68,20,8.05,ES,2021-10-10 17:13:20
104,Yatou,37.15,122.3833,59.65,50,100,15.61,CN,2021-10-10 17:13:20
105,Hermanus,-34.4187,19.2345,64.65,64,96,3.13,ZA,2021-10-10 17:13:20
106,Moron,-34.6534,-58.6198,70.81,69,67,5.01,AR,2021-10-10 17:13:21
107,Yakeshi,49.2833,120.7333,35.76,79,3,11.3,CN,2021-10-10 17:13:21
108,Kalmunai,7.4167,81.8167,82.13,77,100,1.81,LK,2021-10-10 17:13:21
109,Acarau,-2.8856,-40.12,88.0,58,59,19.37,BR,2021-10-10 17:13:22
110,Port Alfred,-33.5906,26.891,61.59,61,14,17.0,ZA,2021-10-10 17:13:22
111,Kodiak,57.79,-152.4072,42.31,56,1,10.36,US,2021-10-10 17:10:40
112,Sao Joao Da Barra,-21.6403,-41.0511,69.89,90,100,13.87,BR,2021-10-10 17:11:05
113,Marzuq,14.4,46.4667,81.52,52,87,5.82,YE,2021-10-10 17:13:22
114,Byron Bay,-28.65,153.6167,71.71,86,77,17.36,AU,2021-10-10 17:08:33
115,Pacific Grove,36.6177,-121.9166,70.14,76,1,4.0,US,2021-10-10 17:09:41
116,Dalen,52.6992,6.7556,56.86,87,10,4.0,NL,2021-10-10 17:13:23
117,Saint Anthony,45.0205,-93.218,71.11,72,75,5.01,US,2021-10-10 17:13:23
118,Kumluca,36.3703,30.2869,76.69,55,0,6.6,TR,2021-10-10 17:13:23
119,La Ronge,55.1001,-105.2842,49.06,43,100,5.28,CA,2021-10-10 17:13:24
120,Mana,5.6592,-53.7767,88.12,61,99,9.22,GF,2021-10-10 17:13:24
121,Ribeira Grande,38.5167,-28.7,72.0,94,75,17.27,PT,2021-10-10 17:13:24
122,Cape Town,-33.9258,18.4232,68.09,69,98,1.01,ZA,2021-10-10 17:13:25
123,Ashcroft,50.7165,-121.2859,45.63,83,100,5.01,CA,2021-10-10 17:13:25
124,Nantucket,41.2835,-70.0995,65.01,85,100,21.9,US,2021-10-10 17:13:25
125,Uchiza,-8.4592,-76.4633,91.94,45,20,3.24,PE,2021-10-10 17:13:26
126,Newport,51.5877,-2.9984,63.45,73,70,5.99,GB,2021-10-10 17:11:48
127,Isangel,-19.55,169.2667,69.93,82,32,11.48,VU,2021-10-10 17:12:15
128,Cabo San Lucas,22.8909,-109.9124,92.52,44,20,3.0,MX,2021-10-10 17:10:12
129,Suntar,62.1444,117.6319,33.87,83,100,13.04,RU,2021-10-10 17:13:26
130,Guerrero Negro,27.9769,-114.0611,74.34,52,0,5.01,MX,2021-10-10 17:10:39
131,Bathsheba,13.2167,-59.5167,83.01,83,75,18.41,BB,2021-10-10 17:13:26
132,Kruisfontein,-34.0033,24.7314,58.89,66,4,16.82,ZA,2021-10-10 17:13:27
133,Chuy,-33.6971,-53.4616,64.2,69,72,16.04,UY,2021-10-10 17:13:27
134,Yerofey Pavlovich,53.9667,121.9667,31.12,79,28,4.85,RU,2021-10-10 17:13:27
135,Svetlogorsk,52.6333,29.7333,41.36,59,39,4.72,BY,2021-10-10 17:13:28
136,Caronport,50.4501,-105.8179,59.68,25,6,14.61,CA,2021-10-10 17:13:28
137,Faanui,-16.4833,-151.75,79.48,72,55,11.77,PF,2021-10-10 17:13:28
138,Sovetsk,55.0839,21.8785,45.1,64,1,6.24,RU,2021-10-10 17:13:29
139,Alofi,-19.0595,-169.9187,77.36,80,100,7.14,NU,2021-10-10 17:10:56
140,Camargo,27.6667,-105.1667,82.67,23,4,13.78,MX,2021-10-10 17:13:29
141,Pangnirtung,66.1451,-65.7125,39.15,61,24,4.09,CA,2021-10-10 17:13:29
142,Rassvet,46.8333,40.75,55.13,38,22,13.42,RU,2021-10-10 17:13:30
143,Codrington,-38.2667,141.9667,45.28,77,71,9.91,AU,2021-10-10 17:13:30
144,Pasighat,28.0667,95.3333,76.64,86,9,2.82,IN,2021-10-10 17:13:30
145,San Jose,37.3394,-121.895,69.78,49,1,3.44,US,2021-10-10 17:09:19
146,Hithadhoo,-0.6,73.0833,83.55,68,84,12.26,MV,2021-10-10 17:10:35
147,Majenang,-7.2975,108.7642,74.62,90,95,1.77,ID,2021-10-10 17:13:31
148,Petropavlovsk-Kamchatskiy,53.0452,158.6483,38.61,77,100,0.31,RU,2021-10-10 17:13:31
149,Khagaria,25.5,86.4833,78.93,70,0,6.51,IN,2021-10-10 17:13:31
150,Lamu,-2.2717,40.902,79.02,86,46,12.12,KE,2021-10-10 17:13:32
151,Jatibonico,21.9419,-79.17,89.49,49,34,5.93,CU,2021-10-10 17:13:32
152,Malanville,11.8685,3.3899,91.15,38,66,4.36,BJ,2021-10-10 17:13:32
153,Chingola,-12.529,27.8838,83.7,19,58,5.03,ZM,2021-10-10 17:13:33
154,Carnarvon,-24.8667,113.6333,66.27,72,0,17.27,AU,2021-10-10 17:11:13
155,Encruzilhada Do Sul,-30.5439,-52.5219,63.39,89,100,7.07,BR,2021-10-10 17:13:33
156,Harare,-17.8294,31.0539,64.81,75,78,15.08,ZW,2021-10-10 17:11:09
157,Mount Gambier,-37.8333,140.7667,48.0,56,86,6.55,AU,2021-10-10 17:13:33
158,Nassau,40.7507,-73.5829,65.21,81,90,1.01,US,2021-10-10 17:13:34
159,Marawi,7.9986,124.2928,66.65,93,100,7.05,PH,2021-10-10 17:08:42
160,Marienburg,54.0359,19.0266,48.88,57,0,6.33,PL,2021-10-10 17:13:34
161,Date,42.4681,140.8681,68.34,91,100,20.4,JP,2021-10-10 17:13:34
162,Krasnoarmeysk,51.0239,45.6969,51.15,48,3,1.52,RU,2021-10-10 17:13:35
163,Sorong,-0.8833,131.25,80.53,82,87,5.28,ID,2021-10-10 17:13:35
164,Ostrovnoy,68.0531,39.5131,42.58,95,100,3.69,RU,2021-10-10 17:11:22
165,Koslan,63.4564,48.8989,38.93,97,100,8.68,RU,2021-10-10 17:13:35
166,Ponta Delgada,37.7333,-25.6667,74.12,83,40,11.5,PT,2021-10-10 17:13:36
167,Nelson Bay,-32.7167,152.15,62.76,98,100,1.99,AU,2021-10-10 17:13:36
168,Airai,-8.9266,125.4092,61.23,69,100,1.23,TL,2021-10-10 17:13:36
169,Asau,46.4333,26.4,45.75,56,31,2.89,RO,2021-10-10 17:13:37
170,Krasnoselkup,65.7,82.4667,26.28,78,35,11.03,RU,2021-10-10 17:13:37
171,Georgetown,5.4112,100.3354,80.89,85,20,0.0,MY,2021-10-10 17:13:37
172,Lorengau,-2.0226,147.2712,81.12,77,95,5.5,PG,2021-10-10 17:13:38
173,Pag,44.445,15.0575,50.58,84,100,22.26,HR,2021-10-10 17:13:38
174,Barrow,71.2906,-156.7887,28.42,86,90,11.5,US,2021-10-10 17:13:38
175,Talaya,61.3833,152.75,5.81,87,4,2.84,RU,2021-10-10 17:13:39
176,Oktyabrskiy,54.4815,53.471,45.93,76,99,4.94,RU,2021-10-10 17:13:39
177,Cayenne,4.9333,-52.3333,91.44,74,0,5.99,GF,2021-10-10 17:10:24
178,Kalawit,8.0667,122.5167,78.1,91,100,7.92,PH,2021-10-10 17:13:39
179,Makakilo City,21.3469,-158.0858,73.72,78,90,12.66,US,2021-10-10 17:13:39
180,Razole,16.4833,81.8333,78.37,88,24,1.99,IN,2021-10-10 17:13:40
181,Mvuma,-19.2792,30.5283,57.54,87,73,14.99,ZW,2021-10-10 17:13:40
182,Longhua,23.6137,114.1919,74.46,95,100,3.24,CN,2021-10-10 17:12:10
183,Bima,-8.4667,118.7167,74.86,92,62,4.63,ID,2021-10-10 17:13:40
184,Saint-Joseph,-21.3667,55.6167,71.98,83,21,8.81,RE,2021-10-10 17:13:41
185,Bethel,41.3712,-73.414,63.64,86,90,1.99,US,2021-10-10 17:09:12
186,Homer,59.6425,-151.5483,44.49,81,75,20.71,US,2021-10-10 17:10:12
187,Oksfjord,70.2396,22.3479,45.52,87,100,6.87,NO,2021-10-10 17:13:41
188,Provideniya,64.3833,-173.3,27.59,92,100,8.03,RU,2021-10-10 17:13:42
189,Nhulunbuy,-12.2333,136.7667,74.01,88,79,0.0,AU,2021-10-10 17:10:48
190,Santa Maria,-29.6842,-53.8069,69.82,77,100,8.1,BR,2021-10-10 17:13:42
191,Vanavara,60.34,102.2797,32.11,85,100,10.67,RU,2021-10-10 17:13:42
192,Karratha,-20.7377,116.8463,75.34,42,5,8.28,AU,2021-10-10 17:13:43
193,Mount Isa,-20.7333,139.5,69.57,94,90,9.22,AU,2021-10-10 17:13:43
194,Hamilton,39.1834,-84.5333,81.91,70,1,1.99,US,2021-10-10 17:13:43
195,Chokurdakh,70.6333,147.9167,14.16,90,94,5.73,RU,2021-10-10 17:13:43
196,Yerbogachen,61.2767,108.0108,31.12,82,94,13.49,RU,2021-10-10 17:13:44
197,Camana,-16.6228,-72.7111,67.73,76,47,11.9,PE,2021-10-10 17:13:44
198,Elat,29.5581,34.9482,87.64,40,0,10.36,IL,2021-10-10 17:13:44
199,Dingle,10.9995,122.6711,75.31,93,100,7.85,PH,2021-10-10 17:13:45
200,Cherskiy,68.75,161.3,-1.48,99,83,5.3,RU,2021-10-10 17:13:45
201,Vandoeuvre-Les-Nancy,48.65,6.1833,57.38,61,0,3.44,FR,2021-10-10 17:13:45
202,Longyearbyen,78.2186,15.6401,21.04,86,20,10.36,SJ,2021-10-10 17:13:46
203,Wagar,16.1525,36.2032,97.29,28,50,6.71,SD,2021-10-10 17:13:46
204,Kieta,-6.2167,155.6333,78.39,83,82,4.29,PG,2021-10-10 17:13:46
205,Salalah,17.0151,54.0924,80.69,83,75,6.91,OM,2021-10-10 17:13:47
206,Rio Gallegos,-51.6226,-69.2181,55.45,38,40,17.27,AR,2021-10-10 17:10:47
207,Littleton,39.6133,-105.0166,63.54,38,20,1.01,US,2021-10-10 17:10:00
208,Tuktoyaktuk,69.4541,-133.0374,30.2,76,100,8.19,CA,2021-10-10 17:13:47
209,Strezhevoy,60.7333,77.5889,28.38,69,10,7.58,RU,2021-10-10 17:13:47
210,Yinchuan,38.4681,106.2731,48.65,35,65,4.23,CN,2021-10-10 17:13:48
211,Juneau,58.3019,-134.4197,43.84,95,90,3.44,US,2021-10-10 17:10:58
212,Luena,-11.7833,19.9167,81.46,25,32,6.31,AO,2021-10-10 17:13:48
213,Nikolskoye,59.7035,30.7861,52.39,67,31,8.52,RU,2021-10-10 17:10:20
214,Duku,11.2361,4.9073,86.86,49,86,3.04,NG,2021-10-10 17:13:48
215,Saint George,37.1041,-113.5841,65.43,44,1,1.99,US,2021-10-10 17:12:30
216,Auras,26.9167,80.5167,80.55,54,10,3.15,IN,2021-10-10 17:13:49
217,Isiro,2.7739,27.616,70.52,97,100,3.22,CD,2021-10-10 17:13:49
218,Torbay,47.6666,-52.7314,46.58,75,50,5.99,CA,2021-10-10 17:13:49
219,Kaitangata,-46.2817,169.8464,48.18,85,99,3.49,NZ,2021-10-10 17:13:50
220,Poum,-20.2333,164.0167,72.97,65,3,21.25,NC,2021-10-10 17:13:50
221,Nanortalik,60.1432,-45.2371,38.44,55,20,6.35,GL,2021-10-10 17:13:50
222,Moindou,-21.6924,165.677,62.55,70,2,4.5,NC,2021-10-10 17:13:51
223,Deming,32.2687,-107.7586,64.58,25,1,24.16,US,2021-10-10 17:13:51
224,Makamba,-4.1348,29.804,72.59,57,77,2.82,BI,2021-10-10 17:13:51
225,Suicheng,33.8963,117.9331,55.96,76,100,10.94,CN,2021-10-10 17:13:52
226,Zhanaozen,43.3,52.8,52.63,30,89,7.4,KZ,2021-10-10 17:13:52
227,Iturama,-19.7281,-50.1956,73.38,83,99,1.48,BR,2021-10-10 17:13:52
228,Sindor,62.8629,51.8905,34.45,95,100,7.94,RU,2021-10-10 17:13:53
229,Rio Cuarto,-33.1307,-64.3499,64.17,68,75,19.57,AR,2021-10-10 17:13:53
230,Kuito,-12.3833,16.9333,76.53,29,83,2.71,AO,2021-10-10 17:13:53
231,Yeppoon,-23.1333,150.7333,62.38,80,1,7.96,AU,2021-10-10 17:11:49
232,Manado,1.487,124.8455,77.77,94,20,0.0,ID,2021-10-10 17:13:54
233,Komsomolskiy,40.4272,71.7189,50.72,71,97,2.3,UZ,2021-10-10 17:13:54
234,Plettenberg Bay,-34.0527,23.3716,59.72,80,25,10.87,ZA,2021-10-10 17:13:54
235,Margate,51.3813,1.3862,61.03,83,97,4.0,GB,2021-10-10 17:13:55
236,Yar-Sale,66.8333,70.8333,28.38,94,68,10.58,RU,2021-10-10 17:10:50
237,Vila Franca Do Campo,37.7167,-25.4333,73.81,84,95,9.15,PT,2021-10-10 17:13:55
238,New Amsterdam,6.25,-57.5167,92.52,49,81,7.58,GY,2021-10-10 17:13:55
239,Jamai,22.2,78.5833,70.2,62,5,0.85,IN,2021-10-10 17:13:55
240,Saskylakh,71.9167,114.0833,12.0,97,100,6.87,RU,2021-10-10 17:13:56
241,Ambilobe,-13.2,49.05,76.01,60,95,4.7,MG,2021-10-10 17:13:56
242,Laguna,38.421,-121.4238,70.02,57,1,1.01,US,2021-10-10 17:12:23
243,Ushibuka,32.1906,130.0228,74.93,79,0,5.66,JP,2021-10-10 17:13:56
244,Naryan-Mar,67.6713,53.087,30.85,94,100,13.18,RU,2021-10-10 17:13:57
245,Coihaique,-45.5752,-72.0662,57.81,62,75,8.05,CL,2021-10-10 17:13:57
246,Ciudad Bolivar,8.1222,-63.5497,92.1,50,94,6.4,VE,2021-10-10 17:13:57
247,Ulaangom,49.9811,92.0667,34.7,64,7,2.39,MN,2021-10-10 17:13:58
248,Krasnyy Yar,46.5331,48.3456,44.53,51,100,5.12,RU,2021-10-10 17:13:58
249,Salta,-24.7859,-65.4117,77.58,46,44,8.01,AR,2021-10-10 17:13:58
250,Shankargarh,25.1833,81.6167,78.21,56,6,3.85,IN,2021-10-10 17:13:59
251,Caravelas,-17.7125,-39.2481,76.05,75,100,7.96,BR,2021-10-10 17:13:59
252,Marang,5.2056,103.2059,79.74,86,84,3.44,MY,2021-10-10 17:13:59
253,Port-Gentil,-0.7193,8.7815,78.13,85,97,8.86,GA,2021-10-10 17:14:00
254,Gushikawa,26.3544,127.8686,81.99,88,20,18.41,JP,2021-10-10 17:14:00
255,Saint-Louis,16.3333,-15.0,102.83,15,62,8.08,SN,2021-10-10 17:14:00
256,Leh,34.1667,77.5833,46.45,20,0,5.41,IN,2021-10-10 17:14:00
257,Victoria,22.2855,114.1577,81.32,89,100,5.99,HK,2021-10-10 17:10:41
258,Nouadhibou,20.931,-17.0347,70.18,81,0,24.09,MR,2021-10-10 17:14:01
259,Krasnovishersk,60.4078,57.082,31.24,66,100,3.65,RU,2021-10-10 17:14:01
260,Roma,43.2128,-75.4557,70.12,72,90,11.5,US,2021-10-10 17:10:39
261,Ixtapa,20.7,-105.2,88.83,66,40,0.0,MX,2021-10-10 17:14:02
262,Hovd,48.0056,91.6419,36.39,36,3,1.79,MN,2021-10-10 17:14:02
263,Rockland,41.1668,-74.0496,63.79,87,100,1.99,US,2021-10-10 17:14:03
264,Pine Bluff,34.2284,-92.0032,82.47,59,20,15.99,US,2021-10-10 17:14:03
265,Veraval,20.9,70.3667,82.71,77,49,3.67,IN,2021-10-10 17:14:03
266,Half Moon Bay,37.4636,-122.4286,69.82,72,90,0.0,US,2021-10-10 17:14:04
267,Pisco,-13.7,-76.2167,67.01,77,0,9.22,PE,2021-10-10 17:14:04
268,Akdepe,42.0551,59.3788,51.8,34,0,4.74,TM,2021-10-10 17:14:04
269,Geraldton,-28.7667,114.6,52.21,87,99,0.0,AU,2021-10-10 17:10:33
270,Tezu,27.9167,96.1667,76.86,77,6,3.4,IN,2021-10-10 17:14:05
271,Phuket,8.0,98.25,82.09,94,75,10.36,TH,2021-10-10 17:12:16
272,El Fuerte,26.4189,-108.6194,89.04,41,1,3.53,MX,2021-10-10 17:14:05
273,Labuhan,-6.8844,112.2051,78.71,76,71,10.89,ID,2021-10-10 17:14:05
274,Bud,39.447,-86.1758,81.3,71,100,15.01,US,2021-10-10 17:14:05
275,Avarua,-21.2078,-159.775,66.25,94,98,1.14,CK,2021-10-10 17:11:17
276,Hasaki,35.7333,140.8333,66.29,69,39,16.89,JP,2021-10-10 17:11:47
277,Farafangana,-22.8167,47.8333,72.66,81,13,12.3,MG,2021-10-10 17:14:06
278,Milkovo,54.7167,158.6167,32.16,73,100,0.67,RU,2021-10-10 17:14:06
279,Acambay,19.9558,-99.8417,68.27,56,6,1.39,MX,2021-10-10 17:14:07
280,Osorno,-40.5667,-73.15,59.31,67,75,4.61,CL,2021-10-10 17:14:07
281,Lagos,6.5833,3.75,80.6,82,90,5.48,NG,2021-10-10 17:14:07
282,Lebu,-37.6167,-73.65,56.84,70,86,6.96,CL,2021-10-10 17:10:35
283,Svetlaya,46.5389,138.3297,50.5,60,97,17.47,RU,2021-10-10 17:14:08
284,Flinders,-34.5833,150.8552,54.21,87,100,7.0,AU,2021-10-10 17:14:08
285,Wadena,46.4425,-95.1361,62.38,94,90,6.91,US,2021-10-10 17:14:08
286,Skelleftea,64.7507,20.9528,55.0,69,90,1.01,SE,2021-10-10 17:14:09
287,Nampula,-15.1165,39.2666,79.9,46,33,12.91,MZ,2021-10-10 17:14:09
288,Tiznit,29.5833,-9.5,80.4,30,100,0.89,MA,2021-10-10 17:14:09
289,Stephenville,32.2207,-98.2023,84.29,62,40,18.41,US,2021-10-10 17:14:10
290,Sao Filipe,14.8961,-24.4956,81.23,71,0,4.27,CV,2021-10-10 17:12:22
291,Araxa,-19.5933,-46.9406,68.86,84,99,6.93,BR,2021-10-10 17:12:29
292,Trat,12.5,102.5,83.98,95,98,3.51,TH,2021-10-10 17:14:10
293,Mandalgovi,45.7625,106.2708,37.13,37,0,9.08,MN,2021-10-10 17:14:10
294,Mlonggo,-6.5333,110.7,78.51,71,78,4.68,ID,2021-10-10 17:14:11
295,Vestmanna,62.1564,-7.1664,41.92,87,75,14.97,FO,2021-10-10 17:14:11
296,Srednekolymsk,67.45,153.6833,7.61,95,14,3.27,RU,2021-10-10 17:10:15
297,Chandigarh,30.7343,76.7933,76.44,41,0,6.11,IN,2021-10-10 17:14:11
298,Jinhua,29.1078,119.6547,73.58,94,85,4.0,CN,2021-10-10 17:14:12
299,Koping,59.514,15.9926,53.53,69,100,10.76,SE,2021-10-10 17:14:12
300,Guangyuan,32.442,105.823,50.79,88,100,5.41,CN,2021-10-10 17:14:12
301,Strelka,58.0728,93.0344,34.34,89,100,7.58,RU,2021-10-10 17:14:13
302,Mareeba,-17.0,145.4333,68.72,95,11,2.26,AU,2021-10-10 17:14:13
303,Georgiyevka,43.0369,74.7114,42.84,87,75,4.47,KZ,2021-10-10 17:14:14
304,Kashi,39.4547,75.9797,48.42,44,100,2.8,CN,2021-10-10 17:14:14
305,Ojo Caliente,22.5708,-102.2519,75.74,42,6,5.12,MX,2021-10-10 17:14:14
306,Faya,18.3851,42.4509,70.32,28,48,15.05,SA,2021-10-10 17:14:15
307,Alghero,40.5589,8.3181,66.29,48,20,10.36,IT,2021-10-10 17:14:15
308,Copiapo,-27.3667,-70.3333,67.69,14,0,9.73,CL,2021-10-10 17:14:15
309,Bijie,27.3125,105.2942,53.65,95,100,4.56,CN,2021-10-10 17:14:16
310,Gayny,60.3071,54.3241,36.09,80,99,5.48,RU,2021-10-10 17:14:16
311,Neka,36.6508,53.299,58.78,60,0,3.58,IR,2021-10-10 17:14:16
312,Ust-Tsilma,65.441,52.1498,32.7,98,100,8.19,RU,2021-10-10 17:14:05
313,Baijiantan,45.6333,85.1833,52.56,25,98,6.91,CN,2021-10-10 17:14:17
314,Boa Vista,2.8197,-60.6733,91.38,49,40,11.5,BR,2021-10-10 17:14:17
315,Khatanga,71.9667,102.5,16.36,96,100,6.02,RU,2021-10-10 17:14:17
316,Bedesa,8.9,40.7833,62.62,92,85,3.27,ET,2021-10-10 17:14:17
317,Bubaque,11.2833,-15.8333,82.6,75,97,10.71,GW,2021-10-10 17:14:18
318,Gisborne,-38.6533,178.0042,43.95,89,10,5.41,NZ,2021-10-10 17:13:10
319,Lata,40.1629,-8.3327,78.49,45,97,5.23,PT,2021-10-10 17:10:46
320,Sal Rei,16.1833,-22.9167,84.4,70,75,20.71,CV,2021-10-10 17:14:18
321,Lazaro Cardenas,17.9583,-102.2,84.25,69,95,4.56,MX,2021-10-10 17:14:19
322,Puerto Quijarro,-17.7833,-57.7667,101.14,28,55,5.77,BO,2021-10-10 17:14:19
323,Saint-Paul,-21.0096,55.2707,73.51,77,17,3.42,RE,2021-10-10 17:14:19
324,Fort Nelson,58.8053,-122.7002,40.55,64,92,6.93,CA,2021-10-10 17:14:20
325,San Andres,12.5847,-81.7006,87.82,74,40,12.66,CO,2021-10-10 17:14:20
326,Coquimbo,-29.9533,-71.3436,64.13,51,0,16.11,CL,2021-10-10 17:14:20
327,Wembley,-31.9333,115.8,58.08,81,0,3.44,AU,2021-10-10 17:14:21
328,Myitkyina,25.3833,97.4,75.69,91,2,1.34,MM,2021-10-10 17:14:21
329,Hami,42.8,93.45,50.56,24,0,5.99,CN,2021-10-10 17:14:21
330,Cognac,45.5,-0.25,66.9,48,0,11.5,FR,2021-10-10 17:14:21
331,Ilulissat,69.2167,-51.1,33.82,69,100,3.44,GL,2021-10-10 17:14:22
332,Braganca,-1.0536,-46.7656,89.64,50,35,8.84,BR,2021-10-10 17:14:22
333,Kissidougou,9.1848,-10.0999,80.11,86,75,2.35,GN,2021-10-10 17:14:22
334,Tocopilla,-22.092,-70.1979,69.33,60,14,10.42,CL,2021-10-10 17:14:23
335,Linfen,36.0889,111.5189,50.47,63,65,3.15,CN,2021-10-10 17:14:23
336,Boueni,-12.9025,45.0761,78.78,75,73,6.42,YT,2021-10-10 17:14:23
337,Birjand,32.8663,59.2211,52.25,19,0,6.42,IR,2021-10-10 17:14:24
338,Grao Mogol,-16.5594,-42.8897,82.81,41,77,7.9,BR,2021-10-10 17:14:24
339,Kijang,35.2442,129.2139,74.41,87,41,5.7,KR,2021-10-10 17:14:24
340,Raudeberg,61.9875,5.1352,49.19,92,70,7.0,NO,2021-10-10 17:14:25
341,Muzaffarabad,34.37,73.4711,66.72,74,39,5.41,PK,2021-10-10 17:14:25
342,Maumere,-8.6199,122.2111,78.21,77,39,5.12,ID,2021-10-10 17:14:25
343,Yulara,-25.2406,130.9889,54.81,62,88,12.62,AU,2021-10-10 17:14:26
344,Arroio Grande,-32.2375,-53.0869,63.27,86,100,14.5,BR,2021-10-10 17:14:26
345,Zyryanka,65.75,150.85,18.46,82,58,8.7,RU,2021-10-10 17:14:26
346,Vila Velha,-20.3297,-40.2925,69.75,94,75,5.75,BR,2021-10-10 17:12:17
347,Riyadh,24.6877,46.7219,87.94,14,0,10.16,SA,2021-10-10 17:13:27
348,Chara,56.9064,118.2631,27.95,71,54,4.79,RU,2021-10-10 17:14:27
349,Saint-Augustin,51.226,-58.6502,55.78,40,82,6.49,CA,2021-10-10 17:14:27
350,Kangaatsiaq,68.3065,-53.4641,33.28,65,100,8.39,GL,2021-10-10 17:14:27
351,Alekseyevka,50.6309,38.6903,47.62,52,95,6.4,RU,2021-10-10 17:14:27
352,Vardo,70.3705,31.1107,42.78,93,75,4.61,NO,2021-10-10 17:14:28
353,Nsanje,-16.92,35.262,82.13,49,0,13.35,MW,2021-10-10 17:14:28
354,Bilma,18.6853,12.9164,91.02,9,85,8.12,NE,2021-10-10 17:14:28
355,Asfi,32.2994,-9.2372,72.52,79,99,17.49,MA,2021-10-10 17:14:29
356,Sobolevo,54.4299,31.8996,40.82,72,24,3.94,RU,2021-10-10 17:14:29
357,Narsaq,60.9167,-46.05,37.62,37,44,2.46,GL,2021-10-10 17:14:29
358,Honningsvag,70.9821,25.9704,44.35,87,0,13.8,NO,2021-10-10 17:14:30
359,Dreux,48.6667,1.25,58.96,67,11,7.16,FR,2021-10-10 17:14:30
360,Mazamari,-11.3258,-74.5308,94.57,42,51,0.83,PE,2021-10-10 17:14:30
361,Yumen,40.2833,97.2,40.69,19,0,13.76,CN,2021-10-10 17:14:31
362,Payo,-3.7508,103.6372,77.34,81,95,2.44,ID,2021-10-10 17:14:31
363,Yongchang,30.0381,119.7317,69.58,93,96,5.35,CN,2021-10-10 17:14:31
364,Gewane,10.1664,40.6453,87.82,46,83,3.8,ET,2021-10-10 17:14:31
365,Grand Gaube,-20.0064,57.6608,74.37,81,54,5.99,MU,2021-10-10 17:11:37
366,Tara,56.8944,74.371,28.78,73,53,5.64,RU,2021-10-10 17:14:32
367,Fort Frances,48.5999,-93.4003,62.82,67,90,1.99,CA,2021-10-10 17:14:32
368,Beyneu,45.3167,55.2,54.99,34,46,6.15,KZ,2021-10-10 17:14:33
369,Behbahan,30.5959,50.2417,83.43,10,0,6.87,IR,2021-10-10 17:14:33
370,Finschhafen,-6.6024,147.8681,76.95,92,100,3.85,PG,2021-10-10 17:14:33
371,Morehead,37.2711,-87.1764,83.91,59,1,13.8,US,2021-10-10 17:14:33
372,Oyek,52.5861,104.4556,32.38,70,3,3.51,RU,2021-10-10 17:14:34
373,Shahrud,36.4182,54.9763,51.71,49,0,5.55,IR,2021-10-10 17:14:34
374,Fairbanks,64.8378,-147.7164,34.61,95,90,3.44,US,2021-10-10 17:12:23
375,Talnakh,69.4865,88.3972,23.4,96,98,4.63,RU,2021-10-10 17:14:34
376,Meulaboh,4.1363,96.1285,77.97,85,100,2.62,ID,2021-10-10 17:14:35
377,Severo-Kurilsk,50.6789,156.125,46.04,92,100,24.54,RU,2021-10-10 17:14:35
378,Ambon,-3.6954,128.1814,77.14,94,20,8.05,ID,2021-10-10 17:14:35
379,Phan Thiet,10.9333,108.1,78.75,88,100,7.99,VN,2021-10-10 17:14:36
380,Swan Hill,-35.3378,143.5544,38.48,93,72,7.18,AU,2021-10-10 17:14:36
381,Kavaratti,10.5669,72.642,82.29,80,93,11.7,IN,2021-10-10 17:14:36
382,Bengkulu,-3.8004,102.2655,76.73,90,59,4.65,ID,2021-10-10 17:14:33
383,Talcher,20.95,85.2167,77.95,65,5,2.71,IN,2021-10-10 17:14:37
384,Itarema,-2.9248,-39.9167,87.64,57,72,17.63,BR,2021-10-10 17:12:30
385,Fortuna,40.5982,-124.1573,58.93,66,1,1.01,US,2021-10-10 17:14:37
386,Te Anau,-45.4167,167.7167,45.63,95,100,5.82,NZ,2021-10-10 17:14:37
387,Weligama,5.9667,80.4167,78.04,90,78,10.09,LK,2021-10-10 17:14:38
388,Tilichiki,60.4667,166.1,26.2,79,77,5.1,RU,2021-10-10 17:14:38
389,Tahta,26.7693,31.5021,90.43,15,41,9.37,EG,2021-10-10 17:14:38
390,Mungeli,22.0667,81.6833,73.33,64,0,2.28,IN,2021-10-10 17:14:39
391,Iquitos,-3.7481,-73.2472,93.24,59,40,4.61,PE,2021-10-10 17:14:39
392,Kathmandu,27.7167,85.3167,70.02,94,20,3.44,NP,2021-10-10 17:14:39
393,Champasak,14.75,106.0,73.4,99,48,1.9,LA,2021-10-10 17:14:39
394,Tura,25.5198,90.2201,74.89,87,10,3.2,IN,2021-10-10 17:14:40
395,Vanimo,-2.6741,141.3028,79.07,89,95,4.25,PG,2021-10-10 17:14:40
396,Alaca,40.1683,34.8425,60.87,50,0,5.28,TR,2021-10-10 17:14:40
397,Agidel,55.9077,53.9355,45.39,90,100,5.1,RU,2021-10-10 17:14:41
398,Saldanha,-33.0117,17.9442,60.66,69,85,10.04,ZA,2021-10-10 17:14:41
399,Banda Aceh,5.5577,95.3222,80.06,82,90,15.55,ID,2021-10-10 17:14:41
400,Vaitape,-16.5167,-151.75,79.48,72,55,11.7,PF,2021-10-10 17:14:42
401,General Elizardo Aquino,-24.4333,-56.7,77.49,78,98,4.52,PY,2021-10-10 17:14:42
402,Matara,5.9485,80.5353,77.85,91,81,10.2,LK,2021-10-10 17:14:42
403,Aklavik,68.2191,-135.0107,28.4,93,90,8.05,CA,2021-10-10 17:11:09
404,Salinopolis,-0.6136,-47.3561,85.59,65,17,14.34,BR,2021-10-10 17:14:43
405,Emerald,-23.5333,148.1667,66.34,55,0,9.98,AU,2021-10-10 17:14:43
406,Lokossa,6.6387,1.7167,80.94,84,73,5.73,BJ,2021-10-10 17:14:43
407,Vestmannaeyjar,63.4427,-20.2734,43.79,87,90,13.8,IS,2021-10-10 17:14:44
408,Sioux Lookout,50.1001,-91.917,62.98,100,90,8.05,CA,2021-10-10 17:14:44
409,Klaksvik,62.2266,-6.589,43.72,81,83,26.15,FO,2021-10-10 17:14:44
410,Merauke,-8.4667,140.3333,77.11,87,85,11.34,ID,2021-10-10 17:14:45
411,Tommot,58.9564,126.2925,35.64,85,100,12.15,RU,2021-10-10 17:14:45
412,Sovetskiy,61.3614,63.5842,29.52,56,6,4.23,RU,2021-10-10 17:14:45
413,Potsdam,52.3989,13.0657,56.1,64,40,4.65,DE,2021-10-10 17:12:52
414,Sawtell,-30.3833,153.1,71.19,88,90,13.8,AU,2021-10-10 17:14:46
415,Verdun,49.25,5.3333,56.17,65,46,2.3,FR,2021-10-10 17:14:46
416,Iqaluit,63.7506,-68.5145,40.69,70,27,3.8,CA,2021-10-10 17:14:46
417,Havre-Saint-Pierre,50.2334,-63.5986,52.23,70,94,14.72,CA,2021-10-10 17:14:47
418,Liberal,37.0431,-100.921,57.47,82,90,13.8,US,2021-10-10 17:14:47
419,Tarko-Sale,64.9225,77.785,28.13,73,32,12.03,RU,2021-10-10 17:14:47
420,Porto Nacional,-10.7081,-48.4172,95.0,19,59,3.47,BR,2021-10-10 17:14:48
421,Kharp,66.8014,65.8081,27.19,91,34,4.99,RU,2021-10-10 17:14:48
422,Demba,-5.51,22.2667,81.77,48,100,2.82,CD,2021-10-10 17:14:48
423,Karasuk,53.7377,78.0403,41.16,89,100,7.85,RU,2021-10-10 17:14:49
424,Road Town,18.4167,-64.6167,79.0,83,75,17.27,VG,2021-10-10 17:14:49
425,Payson,40.0444,-111.7321,54.0,69,90,6.91,US,2021-10-10 17:14:49
426,Katherine,-14.4667,132.2667,84.52,54,100,8.05,AU,2021-10-10 17:14:49
427,Presevo,42.3092,21.6492,52.66,96,100,3.94,RS,2021-10-10 17:14:50
428,Ottumwa,41.02,-92.4113,73.63,78,75,6.91,US,2021-10-10 17:14:50
429,Daru,-9.0763,143.2092,78.33,80,99,11.01,PG,2021-10-10 17:14:50
430,Iranshahr,27.2025,60.6848,79.95,16,0,8.05,IR,2021-10-10 17:14:51
431,Lambarene,-0.7001,10.2406,78.64,84,70,2.91,GA,2021-10-10 17:14:51
432,Noshiro,40.2039,140.0242,71.04,85,58,17.58,JP,2021-10-10 17:14:51
433,Bijar,35.8668,47.6051,55.22,30,0,4.47,IR,2021-10-10 17:14:52
434,Klamath Falls,42.2249,-121.7817,49.86,68,40,1.99,US,2021-10-10 17:14:52
435,Comodoro Rivadavia,-45.8667,-67.5,73.26,25,0,17.27,AR,2021-10-10 17:14:52
436,Beloha,-25.1667,45.05,68.58,83,5,3.62,MG,2021-10-10 17:14:53
437,Kachiry,53.0675,76.1036,41.85,90,100,10.89,KZ,2021-10-10 17:14:53
438,Port Hedland,-20.3167,118.5667,68.05,77,9,3.44,AU,2021-10-10 17:14:53
439,Buraydah,26.326,43.975,86.13,13,0,10.92,SA,2021-10-10 17:12:04
440,Bhimunipatnam,17.8833,83.4333,83.71,78,2,1.21,IN,2021-10-10 17:14:54
441,Venado Tuerto,-33.7456,-61.9688,72.79,45,83,9.35,AR,2021-10-10 17:14:54
442,Novo Aripuana,-5.1206,-60.3797,99.82,32,30,3.87,BR,2021-10-10 17:14:54
443,Mayskiy,47.6931,40.1025,53.44,44,64,10.22,RU,2021-10-10 17:14:55
444,Genhe,50.7833,121.5167,29.46,93,11,4.34,CN,2021-10-10 17:14:55
445,Araioses,-2.89,-41.9031,89.58,58,20,20.71,BR,2021-10-10 17:11:13
446,Freeport,40.6576,-73.5832,65.52,84,90,5.01,US,2021-10-10 17:13:34
447,Isabela,6.7085,121.9711,79.38,86,100,10.2,PH,2021-10-10 17:14:55
448,Whitehorse,60.7161,-135.0538,34.11,92,98,3.0,CA,2021-10-10 17:14:56
449,Mecca,21.4267,39.8261,88.47,49,5,3.29,SA,2021-10-10 17:14:56
450,Zhiryatino,53.2228,33.7306,41.32,60,27,2.06,RU,2021-10-10 17:14:56
451,Orlik,52.5178,99.825,28.4,74,2,3.36,RU,2021-10-10 17:14:57
452,Sinjar,36.3209,41.8754,78.46,17,0,8.57,IQ,2021-10-10 17:14:57
453,Dunedin,-45.8742,170.5036,52.81,86,80,13.0,NZ,2021-10-10 17:12:11
454,San Antero,9.3741,-75.7589,83.1,75,85,5.3,CO,2021-10-10 17:14:57
455,Lampazos De Naranjo,27.0167,-100.5167,91.17,35,16,1.52,MX,2021-10-10 17:14:57
456,Olinda,-8.0089,-34.8553,82.13,69,40,8.05,BR,2021-10-10 17:12:11
457,Manicore,-5.8092,-61.3003,100.98,29,24,3.67,BR,2021-10-10 17:14:58
458,Thunder Bay,48.4001,-89.3168,61.99,98,90,13.8,CA,2021-10-10 17:14:30
459,Port Hardy,50.6996,-127.4199,46.58,87,75,8.05,CA,2021-10-10 17:14:58
460,Waingapu,-9.6567,120.2641,76.6,80,91,5.28,ID,2021-10-10 17:14:59
461,Dwarka,22.2394,68.9678,82.83,75,3,7.94,IN,2021-10-10 17:14:59
462,Sao Gabriel Da Cachoeira,-0.1303,-67.0892,92.93,48,44,3.71,BR,2021-10-10 17:14:09
463,Ankola,14.6667,74.3,78.55,90,61,1.36,IN,2021-10-10 17:14:59
464,Amarante Do Maranhao,-5.5667,-46.7422,100.54,24,40,8.03,BR,2021-10-10 17:15:00
465,Hervey Bay,-25.2986,152.8535,70.02,74,0,14.7,AU,2021-10-10 17:11:54
466,Tabou,4.423,-7.3528,80.04,80,100,8.1,CI,2021-10-10 17:15:00
467,Klyuchi,52.2667,79.1667,44.8,56,100,5.64,RU,2021-10-10 17:15:01
468,Two Rivers,44.1539,-87.5693,74.25,86,75,4.0,US,2021-10-10 17:14:02
469,The Valley,18.217,-63.0578,87.94,66,40,19.57,AI,2021-10-10 17:15:01
470,Teguise,29.0605,-13.564,73.62,61,75,17.27,ES,2021-10-10 17:15:02
471,Sterling,39.0062,-77.4286,71.74,89,90,8.01,US,2021-10-10 17:14:12
472,Seoul,37.5683,126.9778,60.28,58,100,7.34,KR,2021-10-10 17:14:55
473,Vao,-22.6667,167.4833,69.82,64,2,16.98,NC,2021-10-10 17:15:03
474,Pitsunda,43.1592,40.3378,60.98,71,63,3.15,GE,2021-10-10 17:15:03
475,Puerto Madero,14.7208,-92.4215,88.0,74,40,2.3,MX,2021-10-10 17:15:04
476,Maniitsoq,65.4167,-52.9,37.18,63,99,6.08,GL,2021-10-10 17:15:05
477,Sulangan,11.1373,123.7228,83.1,75,100,19.89,PH,2021-10-10 17:15:05
478,Izberbash,42.5696,47.8645,55.45,74,86,3.96,RU,2021-10-10 17:15:06
479,Linhai,28.85,121.1167,77.94,86,4,3.4,CN,2021-10-10 17:15:07
480,Durban,-29.8579,31.0292,63.91,80,90,6.93,ZA,2021-10-10 17:11:05
481,College,64.8569,-147.8028,35.26,95,90,4.61,US,2021-10-10 17:15:07
482,Ateptsevo,55.3236,36.75,46.27,70,15,3.91,RU,2021-10-10 17:15:07
483,Novogurovskiy,54.4678,37.3428,38.79,63,7,3.49,RU,2021-10-10 17:15:08
484,Malindi,-3.2175,40.1191,77.23,85,36,13.06,KE,2021-10-10 17:15:08
485,Walvis Bay,-22.9575,14.5053,63.09,43,5,13.76,NA,2021-10-10 17:11:43
486,Lermontovka,47.1453,134.3383,44.62,74,98,17.29,RU,2021-10-10 17:15:09
487,Korla,41.7597,86.1469,49.66,38,16,5.82,CN,2021-10-10 17:15:09
488,Viedma,-40.8135,-62.9967,79.43,19,0,14.27,AR,2021-10-10 17:15:09
489,Aquidauana,-20.4711,-55.7872,91.36,53,82,5.35,BR,2021-10-10 17:15:09
490,Broome,42.2506,-75.833,68.38,67,20,1.01,US,2021-10-10 17:15:10
491,Mehamn,71.0357,27.8492,44.78,88,91,8.5,NO,2021-10-10 17:12:23
492,Whitianga,-36.8333,175.7,50.02,85,4,7.25,NZ,2021-10-10 17:15:10
493,The Pas,53.8251,-101.2541,59.85,47,65,8.14,CA,2021-10-10 17:15:10
494,Luderitz,-26.6481,15.1594,73.04,40,3,8.93,NA,2021-10-10 17:15:11
495,Sao Jose Da Coroa Grande,-8.8978,-35.1478,83.08,57,89,8.34,BR,2021-10-10 17:15:11
496,Portland,45.5234,-122.6762,56.41,91,75,3.0,US,2021-10-10 17:15:11
497,Handan,36.6006,114.4678,54.07,64,60,0.96,CN,2021-10-10 17:15:12
498,Dudinka,69.4058,86.1778,25.84,91,99,12.39,RU,2021-10-10 17:15:12
499,Mbandaka,0.0487,18.2603,75.02,92,100,5.19,CD,2021-10-10 17:15:12
500,Le Port,-20.9373,55.2919,73.4,77,13,2.26,RE,2021-10-10 17:15:12
501,Kayes,14.0,-11.0,89.44,52,100,5.08,ML,2021-10-10 17:15:13
502,Bonnyville,54.2668,-110.735,50.81,28,96,8.34,CA,2021-10-10 17:15:13
503,Umm Lajj,25.0213,37.2685,86.02,64,13,8.48,SA,2021-10-10 17:15:13
504,Egvekinot,66.3167,-179.1667,19.26,85,100,6.89,RU,2021-10-10 17:15:14
505,Mastic Beach,40.7668,-72.8521,65.53,89,90,1.01,US,2021-10-10 17:15:14
506,Husavik,66.0449,-17.3389,35.69,95,99,3.42,IS,2021-10-10 17:10:34
507,Gazanjyk,39.2446,55.5154,55.09,21,16,9.78,TM,2021-10-10 17:15:14
508,Itoman,26.1247,127.6694,82.78,88,75,18.41,JP,2021-10-10 17:15:15
509,Gornozavodsk,58.3758,58.3211,30.69,69,100,1.43,RU,2021-10-10 17:15:15
510,Ilebo,-4.3167,20.5833,79.3,76,98,4.83,CD,2021-10-10 17:15:15
511,Linjiang,41.8069,126.9078,42.55,85,87,1.36,CN,2021-10-10 17:15:16
512,San Patricio,28.017,-97.5169,89.69,56,12,20.98,US,2021-10-10 17:15:16
513,Merritt,50.1123,-120.7942,42.46,82,71,5.3,CA,2021-10-10 17:15:16
514,Plzen,49.7475,13.3776,47.88,73,0,3.58,CZ,2021-10-10 17:15:17
515,Maracacume,-2.0428,-45.9592,90.81,48,74,7.65,BR,2021-10-10 17:15:17
516,Kodinsk,58.6881,99.1844,34.25,98,100,6.06,RU,2021-10-10 17:15:17
517,Puerto Baquerizo Moreno,-0.9,-89.6,74.39,73,40,12.66,EC,2021-10-10 17:15:17
518,Barcelos,41.5388,-8.6151,76.84,43,66,2.66,PT,2021-10-10 17:15:18
519,Verkhnyaya Inta,65.9811,60.3094,29.03,78,67,8.23,RU,2021-10-10 17:15:18
520,Rio Grande,-32.035,-52.0986,66.31,82,100,20.83,BR,2021-10-10 17:15:18
521,Jaisalmer,26.9147,70.9181,90.23,24,0,13.76,IN,2021-10-10 17:15:19
522,Bereda,43.2686,-7.5406,65.95,81,1,8.28,ES,2021-10-10 17:15:19
523,Nadym,65.5333,72.5167,28.99,85,95,8.97,RU,2021-10-10 17:15:19
524,Kaeo,-35.1,173.7833,48.33,92,53,3.04,NZ,2021-10-10 17:15:20
525,Zhigansk,66.7697,123.3711,33.21,99,100,13.42,RU,2021-10-10 17:15:20
526,Nyagan,62.1406,65.3936,29.26,56,5,4.5,RU,2021-10-10 17:15:20
527,Panaba,21.2833,-88.2667,92.91,48,68,3.27,MX,2021-10-10 17:15:21
528,Tallinn,59.437,24.7535,52.14,78,0,11.5,EE,2021-10-10 17:15:21
529,Zheleznodorozhnyy,55.7503,38.0042,46.81,54,81,4.27,RU,2021-10-10 17:10:36
530,Benghazi,32.1167,20.0667,79.97,48,0,6.96,LY,2021-10-10 17:15:21
531,Nakapiripirit,1.9167,34.7833,73.65,65,96,3.2,UG,2021-10-10 17:15:21
532,San Policarpo,12.1791,125.5072,81.19,81,96,13.53,PH,2021-10-10 17:15:22
533,Tautira,-17.7333,-149.15,78.82,74,63,7.87,PF,2021-10-10 17:15:22
534,Prince Rupert,54.3161,-130.3201,47.89,81,90,12.66,CA,2021-10-10 17:15:22
535,Sao Raimundo Das Mangabeiras,-7.0219,-45.4811,103.42,16,47,8.08,BR,2021-10-10 17:15:23
536,Jasper,37.2001,-94.3502,81.45,59,40,8.01,US,2021-10-10 17:15:23
537,Adrar,20.5022,-10.0711,98.46,8,77,4.27,MR,2021-10-10 17:14:37
538,Clyde River,70.4692,-68.5914,39.43,75,75,11.5,CA,2021-10-10 17:15:23
539,Aykhal,66.0,111.5,25.34,95,100,14.36,RU,2021-10-10 17:15:24
540,Kayerkan,69.3497,87.7602,23.54,95,99,6.17,RU,2021-10-10 17:15:24
541,Porto Santo,33.072,-16.3415,73.78,64,40,14.97,PT,2021-10-10 17:15:24
542,Mardin,37.3131,40.7436,68.22,15,0,3.22,TR,2021-10-10 17:15:25
543,Santiago Del Estero,-27.7951,-64.2615,72.1,59,98,9.42,AR,2021-10-10 17:11:27
544,Kununurra,-15.7667,128.7333,80.58,61,90,8.05,AU,2021-10-10 17:13:16
545,Asyut,27.181,31.1837,88.29,16,5,8.95,EG,2021-10-10 17:15:25
546,Lakes Entrance,-37.8811,147.981,45.57,90,84,9.42,AU,2021-10-10 17:12:10
547,Canby,45.2629,-122.6926,56.41,93,90,1.01,US,2021-10-10 17:15:26
548,Parasia,22.2,78.7667,70.3,62,4,2.08,IN,2021-10-10 17:15:26
549,Suzzara,44.9919,10.7431,59.99,68,0,2.13,IT,2021-10-10 17:15:26
550,Yurimaguas,-5.9,-76.0833,91.56,47,20,5.75,PE,2021-10-10 17:15:26
551,Banepa,27.6298,85.5214,68.32,94,20,3.44,NP,2021-10-10 17:10:35
552,Tuatapere,-46.1333,167.6833,53.82,88,100,4.68,NZ,2021-10-10 17:12:15
553,Passo De Camaragibe,-9.2368,-35.4901,85.55,51,97,8.21,BR,2021-10-10 17:15:27
554,Ust-Kut,56.7938,105.7672,38.48,90,97,8.97,RU,2021-10-10 17:15:27
555,Akyab,20.15,92.9,83.01,79,100,4.21,MM,2021-10-10 17:15:28
556,Maceio,-9.6658,-35.7353,85.44,70,75,8.05,BR,2021-10-10 17:15:28
557,Ocampo,21.65,-101.5,72.28,49,2,6.87,MX,2021-10-10 17:15:28
558,Donskoye,45.4552,41.9741,51.93,69,32,13.91,RU,2021-10-10 17:15:29
559,Luorong,24.4058,109.6086,67.12,84,100,15.57,CN,2021-10-10 17:15:29
560,Oranjestad,12.524,-70.027,84.15,79,40,9.22,AW,2021-10-10 17:13:11
561,Karasjok,69.4719,25.5112,39.31,98,100,5.1,NO,2021-10-10 17:15:29
562,Trapani,37.8333,12.6667,66.38,60,40,16.11,IT,2021-10-10 17:15:30
563,Mezen,65.8522,44.24,42.28,99,100,5.82,RU,2021-10-10 17:15:30
564,Banapur,19.7833,85.1833,82.35,64,33,2.71,IN,2021-10-10 17:15:30
565,Aksu,41.1231,80.2644,51.91,29,100,2.66,CN,2021-10-10 17:15:30
566,Baracoa,20.3467,-74.4958,88.81,56,99,4.61,CU,2021-10-10 17:15:31
567,Itamaraca,-7.7478,-34.8256,86.68,62,85,10.87,BR,2021-10-10 17:15:31
568,Amga,60.8953,131.9608,32.4,80,99,5.97,RU,2021-10-10 17:15:31
569,General Pico,-35.6566,-63.7568,75.06,41,85,7.07,AR,2021-10-10 17:15:32
570,Wabana,47.6332,-52.9481,48.07,75,90,25.32,CA,2021-10-10 17:15:32
571,Kamaishi,39.2667,141.8833,66.79,95,47,12.06,JP,2021-10-10 17:15:32
572,Nushki,29.5542,66.0215,60.22,21,0,2.73,PK,2021-10-10 17:15:33
573,Chapais,49.7834,-74.8492,58.78,90,100,9.26,CA,2021-10-10 17:15:33
574,Flin Flon,54.7682,-101.865,51.64,66,75,8.05,CA,2021-10-10 17:15:33
575,Gat,31.61,34.7642,77.4,61,0,9.28,IL,2021-10-10 17:15:34
576,Kjollefjord,70.9457,27.3465,44.65,89,94,9.1,NO,2021-10-10 17:15:34
577,Khani,41.9563,42.9566,45.97,74,17,4.16,GE,2021-10-10 17:15:34
578,Collie,-33.3667,116.15,50.99,84,100,3.85,AU,2021-10-10 17:15:35
579,Bataipora,-22.2953,-53.2711,68.45,90,100,2.46,BR,2021-10-10 17:10:59
580,Havoysund,70.9963,24.6622,45.48,83,97,7.25,NO,2021-10-10 17:15:35
581,Chernyshevskiy,63.0128,112.4714,28.56,67,100,16.8,RU,2021-10-10 17:15:35
582,Hokitika,-42.7167,170.9667,50.63,90,96,3.11,NZ,2021-10-10 17:15:36
583,Likasi,-10.9814,26.7333,81.21,23,54,4.52,CD,2021-10-10 17:15:36
584,Ejutla De Crespo,16.5667,-96.7333,74.35,54,1,0.76,MX,2021-10-10 17:15:36
585,Mora,11.0461,14.1401,87.66,25,96,5.68,CM,2021-10-10 17:15:37
586,Dunn,44.95,-91.8835,77.22,68,57,11.5,US,2021-10-10 17:15:37
587,Shingu,33.7333,135.9833,68.36,90,6,4.81,JP,2021-10-10 17:15:37
588,Elizabeth City,36.2946,-76.2511,77.02,84,90,23.02,US,2021-10-10 17:15:38
589,Yagodnoye,62.55,149.6667,7.68,85,7,3.96,RU,2021-10-10 17:15:38
590,Chardara,41.2547,67.9692,52.16,36,54,2.84,KZ,2021-10-10 17:15:38
591,Borogontsy,62.6683,131.1683,34.05,98,100,6.78,RU,2021-10-10 17:13:47
592,Labuan,5.2767,115.2417,80.96,89,20,0.0,MY,2021-10-10 17:15:39
593,Armizonskoye,55.9461,67.6736,31.66,63,74,6.67,RU,2021-10-10 17:15:39
594,Hobyo,5.3505,48.5268,79.52,85,21,17.36,SO,2021-10-10 17:15:39
595,Haines Junction,60.7522,-137.5108,31.19,77,80,2.28,CA,2021-10-10 17:14:14
596,Angola,-12.5,18.5,84.25,21,81,8.86,AO,2021-10-10 17:11:22
597,Afsin,38.2477,36.914,63.34,17,0,1.5,TR,2021-10-10 17:15:40
598,Kamenka,51.3223,42.7678,46.13,50,1,5.23,RU,2021-10-10 17:15:40
599,Talara,-4.5772,-81.2719,75.96,64,0,12.66,PE,2021-10-10 17:15:40
600,Manta,-0.95,-80.7333,74.98,73,90,10.36,EC,2021-10-10 17:15:41
601,North Bend,43.4065,-124.2243,58.15,95,1,0.0,US,2021-10-10 17:14:59
602,Glencoe,-28.1783,30.147,54.95,64,0,10.18,ZA,2021-10-10 17:15:41
603,Kwinana,-32.25,115.7667,58.23,72,100,1.9,AU,2021-10-10 17:15:41
604,Gorontalo,0.5412,123.0595,78.21,88,100,0.94,ID,2021-10-10 17:15:42
605,Oussouye,12.485,-16.5469,87.44,60,99,10.65,SN,2021-10-10 17:15:42
606,Pitelino,54.5777,41.8145,43.92,69,13,4.65,RU,2021-10-10 17:15:42
607,Tashla,51.7716,52.7427,49.86,61,99,3.87,RU,2021-10-10 17:15:43
608,Cururupu,-1.8283,-44.8683,86.86,61,89,8.88,BR,2021-10-10 17:15:43
609,Hirara,24.8,125.2833,82.13,85,98,29.42,JP,2021-10-10 17:11:32
610,Antananarivo,-18.9137,47.5361,62.56,67,20,11.5,MG,2021-10-10 17:15:43
611,Methoni,36.8197,21.7049,66.22,77,84,6.55,GR,2021-10-10 17:15:43
612,Igarka,67.4667,86.5833,26.4,75,100,11.45,RU,2021-10-10 17:14:20
613,Los Llanos De Aridane,28.6585,-17.9182,71.35,73,40,17.27,ES,2021-10-10 17:15:44
614,Nanning,22.8167,108.3167,72.05,94,100,15.37,CN,2021-10-10 17:15:44
615,Makhinjauri,41.6739,41.694,60.66,100,75,3.44,GE,2021-10-10 17:15:44
616,Pedro Ii,-4.4247,-41.4586,97.0,21,17,9.42,BR,2021-10-10 17:15:45
617,Ushtobe,45.2514,77.9838,46.2,78,100,11.99,KZ,2021-10-10 17:15:45
618,Ahipara,-35.1667,173.1667,52.38,81,79,5.82,NZ,2021-10-10 17:15:45
619,Marystown,47.1666,-55.1483,52.86,100,55,5.99,CA,2021-10-10 17:15:46
620,San Ramon De La Nueva Oran,-23.1322,-64.326,74.52,60,98,4.68,AR,2021-10-10 17:15:46
621,Lynn Haven,30.2455,-85.6483,85.96,61,1,3.0,US,2021-10-10 17:15:46
622,Finnsnes,69.2296,17.9811,49.75,94,100,4.07,NO,2021-10-10 17:11:09
623,Avera,33.194,-82.5271,80.94,59,53,8.72,US,2021-10-10 17:12:29
624,Tolaga Bay,-38.3667,178.3,46.87,89,13,3.69,NZ,2021-10-10 17:15:47
625,Naples,40.8333,14.25,59.05,71,40,3.0,IT,2021-10-10 17:15:47
626,Aksarka,66.5606,67.7975,27.32,78,21,7.34,RU,2021-10-10 17:15:47
627,Great Falls,47.5002,-111.3008,59.41,34,1,15.99,US,2021-10-10 17:15:38
628,Konde,-4.95,39.75,77.16,83,51,10.58,TZ,2021-10-10 17:15:48
629,Camapua,-19.5314,-54.0439,88.66,52,96,2.98,BR,2021-10-10 17:15:48
630,Imbituba,-28.24,-48.6703,69.69,71,94,12.73,BR,2021-10-10 17:15:48
631,Vitim,59.4511,112.5578,31.98,84,91,11.21,RU,2021-10-10 17:15:49
632,Baiyin,36.5583,104.2081,48.33,54,100,3.18,CN,2021-10-10 17:14:14
633,Zhezkazgan,47.8043,67.7144,47.93,43,91,8.95,KZ,2021-10-10 17:15:49
634,Kirovo-Chepetsk,58.5539,50.0399,45.27,96,100,6.08,RU,2021-10-10 17:15:49
635,Auki,-8.7676,160.7034,77.0,87,56,1.97,SB,2021-10-10 17:15:50
636,Moussoro,13.6408,16.4901,98.06,12,48,9.04,TD,2021-10-10 17:15:50
637,Rovnoye,50.7765,46.0509,50.4,53,2,4.68,RU,2021-10-10 17:15:50
638,Baruun-Urt,46.6806,113.2792,35.82,52,0,9.04,MN,2021-10-10 17:15:51
639,Taltal,-25.4,-70.4833,66.78,52,0,7.11,CL,2021-10-10 17:15:17
640,Nuuk,64.1835,-51.7216,39.81,60,75,11.5,GL,2021-10-10 17:15:51
641,Catuday,16.2923,119.8062,81.84,82,26,21.39,PH,2021-10-10 17:15:51
642,Iskandar,41.5539,69.7008,47.25,50,69,3.94,UZ,2021-10-10 17:15:52
643,Chester,40.1254,-75.8749,66.11,97,90,1.99,US,2021-10-10 17:13:34
644,Carora,10.1755,-70.0827,86.79,56,75,4.56,VE,2021-10-10 17:15:52
645,Galati,45.45,28.05,50.27,43,23,6.67,RO,2021-10-10 17:11:02
646,Jaragua,-15.7569,-49.3344,88.02,30,100,8.81,BR,2021-10-10 17:15:52
647,Skibbereen,51.55,-9.2667,58.8,76,93,3.13,IE,2021-10-10 17:15:53
648,Bambanglipuro,-7.95,110.2833,76.39,84,70,4.18,ID,2021-10-10 17:15:53
649,Ordubad,38.9059,46.0234,57.29,70,0,8.61,AZ,2021-10-10 17:15:54
650,Hajiganj,23.2511,90.8592,80.96,77,5,4.32,BD,2021-10-10 17:15:54
651,Praia Da Vitoria,38.7333,-27.0667,73.76,88,75,16.04,PT,2021-10-10 17:15:54
652,Valparaiso,-33.0393,-71.6273,71.83,53,20,6.91,CL,2021-10-10 17:11:35
653,Richards Bay,-28.783,32.0377,63.97,64,97,8.81,ZA,2021-10-10 17:15:55
654,Honiara,-9.4333,159.95,78.28,86,83,1.54,SB,2021-10-10 17:15:55
655,Soe,-9.8607,124.284,65.46,68,95,3.29,ID,2021-10-10 17:15:55
656,Mayumba,-3.432,10.6554,76.66,82,100,4.36,GA,2021-10-10 17:15:56
657,Akdagmadeni,39.6603,35.8836,56.97,49,0,4.47,TR,2021-10-10 17:15:56
658,Sombreffe,50.5286,4.5984,56.41,91,20,2.3,BE,2021-10-10 17:15:56
659,Price,39.5994,-110.8107,54.66,47,1,8.05,US,2021-10-10 17:15:56
660,Renqiu,38.6989,116.0936,50.67,69,26,4.54,CN,2021-10-10 17:15:57
661,Togitsu,32.8333,129.85,77.99,78,0,2.26,JP,2021-10-10 17:15:57
662,Vlore,40.4667,19.4897,68.25,73,75,17.69,AL,2021-10-10 17:15:57
663,Jumla,29.2747,82.1838,53.37,80,10,3.87,NP,2021-10-10 17:15:58
664,Jalu,29.0331,21.5482,83.88,22,0,8.9,LY,2021-10-10 17:15:58
665,Kinsale,51.7075,-8.5306,58.37,67,20,6.91,IE,2021-10-10 17:15:58
666,Marshalltown,42.0494,-92.908,73.02,49,100,9.62,US,2021-10-10 17:15:59
667,Bonavista,48.6499,-53.1147,47.12,69,59,30.27,CA,2021-10-10 17:15:59
668,Quelimane,-17.8786,36.8883,78.75,83,75,14.97,MZ,2021-10-10 17:15:59
669,Capreol,46.706,-80.9225,64.54,95,100,3.0,CA,2021-10-10 17:12:29
670,Gidole,5.65,37.3667,63.84,62,97,2.95,ET,2021-10-10 17:15:59
671,Kasongo-Lunda,-6.4667,16.8167,75.4,85,53,5.46,CD,2021-10-10 17:16:00
672,Nalbari,26.4456,91.4354,80.58,82,4,0.78,IN,2021-10-10 17:16:00
673,Batemans Bay,-35.7167,150.1833,51.1,90,100,4.47,AU,2021-10-10 17:16:00
674,Sinnamary,5.3833,-52.95,84.88,69,97,11.36,GF,2021-10-10 17:16:01
675,Wahiawa,21.5028,-158.0236,71.92,82,90,11.5,US,2021-10-10 17:16:01
676,Corinto,37.9407,22.9573,72.45,82,83,2.08,GR,2021-10-10 17:11:38
677,Jatai,-17.8814,-51.7144,85.95,43,87,8.84,BR,2021-10-10 17:16:02
678,Mangit,40.5971,70.9607,49.28,60,97,5.55,UZ,2021-10-10 17:16:02
679,Tukrah,32.5341,20.5791,78.31,50,0,9.15,LY,2021-10-10 17:16:03
680,Santiago,-33.4569,-70.6483,67.28,50,20,4.61,CL,2021-10-10 17:15:01
681,Gogrial,8.5332,28.1004,80.47,68,100,9.86,SS,2021-10-10 17:16:03
682,El Retorno,2.3302,-72.6276,85.48,73,99,2.06,CO,2021-10-10 17:16:03
683,Wuzhou,23.4833,111.3167,69.28,96,99,4.36,CN,2021-10-10 17:16:04
684,Porec,45.2258,13.5939,54.45,64,100,18.48,HR,2021-10-10 17:16:04
685,Ancud,-41.8697,-73.8203,55.42,73,88,8.37,CL,2021-10-10 17:16:04
686,Dolgoprudnyy,55.9041,37.5606,45.01,65,0,8.95,RU,2021-10-10 17:16:05
687,Carutapera,-1.195,-46.02,86.95,60,33,11.39,BR,2021-10-10 17:16:05
688,Aksaray,38.3726,34.0254,63.99,28,0,3.74,TR,2021-10-10 17:16:05
689,Axim,4.8699,-2.2405,78.15,86,100,8.7,GH,2021-10-10 17:16:06
690,Yenagoa,4.9247,6.2642,79.7,84,94,4.07,NG,2021-10-10 17:16:06
691,Edd,13.9297,41.6925,91.33,59,83,8.34,ER,2021-10-10 17:16:06
692,Hargeysa,9.56,44.065,75.04,61,67,9.84,SO,2021-10-10 17:16:07
693,Dawei,14.0833,98.2,76.69,95,100,4.03,MM,2021-10-10 17:16:07
694,Luau,-10.7073,22.2247,87.24,23,62,2.26,AO,2021-10-10 17:16:07
695,Hambantota,6.1241,81.1185,80.58,81,100,18.41,LK,2021-10-10 17:12:03
696,Gizo,-8.103,156.8419,80.91,79,85,6.55,SB,2021-10-10 17:16:08
697,Binzhou,37.3667,118.0167,50.99,64,79,7.63,CN,2021-10-10 17:16:08
698,Huanren,41.2647,125.3667,44.33,79,92,2.59,CN,2021-10-10 17:16:09
699,Muhos,64.808,25.9931,51.58,90,100,8.95,FI,2021-10-10 17:16:09
700,Jinxi,30.4323,116.2922,64.11,72,100,8.84,CN,2021-10-10 17:16:09
701,Sao Luiz Gonzaga,-28.4083,-54.9608,76.14,65,84,9.13,BR,2021-10-10 17:16:10
702,Mattru,7.6244,-11.8332,81.46,86,69,4.14,SL,2021-10-10 17:16:10
